National_Dex,Pokemon,Form,RGBY,FrLg,GSC,RSE,DPPt,HgSs,BW,B2W2,XY,OrAs,SM,UsUm,PE,SwSh,BdSp,LA,SV,ZA
1,Bulbasaur,,"['Red', 'Green', 'Blue', 'Yellow']","['Fire Red', 'Leaf Green']",[],[],[],"['Heart Gold', 'Soul Silver']",[],[],"['X', 'Y']",[],[],[],"['Lets Go Pikachu', 'Lets Go Eevee']","['Sword', 'Shield']","['Brilliant Diamond', 'Shining Pearl']",[],"['Scarlet', 'Violet']",['Legends ZA']
2,Ivysaur,,"['Red', 'Green', 'Blue', 'Yellow']","['Fire Red', 'Leaf Green']",[],[],[],"['Heart Gold', 'Soul Silver']",[],[],"['X', 'Y']",[],[],[],"['Lets Go Pikachu', 'Lets Go Eevee']","['Sword', 'Shield']","['Brilliant Diamond', 'Shining Pearl']",[],"['Scarlet', 'Violet']",['Legends ZA']
3,Venusaur,,"['Red', 'Green', 'Blue', 'Yellow']","['Fire Red', 'Leaf Green']",[],[],[],"['Heart Gold', 'Soul Silver']",[],[],"['X', 'Y']",[],[],[],"['Lets Go Pikachu', 'Lets Go Eevee']","['Sword', 'Shield']","['Brilliant Diamond', 'Shining Pearl']",[],"['Scarlet', 'Violet']",['Legends ZA']
4,Charmander,,"['Red', 'Green', 'Blue', 'Yellow']","['Fire Red', 'Leaf Green']",[],[],[],"['Heart Gold', 'Soul Silver']",[],[],"['X', 'Y']",[],[],[],"['Lets Go Pikachu', 'Lets Go Eevee']","['Sword', 'Shield']","['Brilliant Diamond', 'Shining Pearl']",[],"['Scarlet', 'Violet']",['Legends ZA']
5,Charmeleon,,"['Red', 'Green', 'Blue', 'Yellow']","['Fire Red', 'Leaf Green']",[],[],[],"['Heart Gold', 'Soul Silver']",[],[],"['X', 'Y']",[],[],[],"['Lets Go Pikachu', 'Lets Go Eevee']","['Sword', 'Shield']","['Brilliant Diamond', 'Shining Pearl']",[],"['Scarlet', 'Violet']",['Legends ZA']
6,Charizard,,"['Red', 'Green', 'Blue', 'Yellow']","['Fire Red', 'Leaf Green']",[],[],[],"['Heart Gold', 'Soul Silver']",[],[],"['X', 'Y']",[],[],[],"['Lets Go Pikachu', 'Lets Go Eevee']","['Sword', 'Shield']","['Brilliant Diamond', 'Shining Pearl']",[],"['Scarlet', 'Violet']",['Legends ZA']
7,Squirtle,,"['Red', 'Green', 'Blue', 'Yellow']","['Fire Red', 'Leaf Green']",[],[],[],"['Heart Gold', 'Soul Silver']",[],[],"['X', 'Y']",[],[],[],"['Lets Go Pikachu', 'Lets Go Eevee']","['Sword', 'Shield']","['Brilliant Diamond', 'Shining Pearl']",[],"['Scarlet', 'Violet']",['Legends ZA']
8,Wartortle,,"['Red', 'Green', 'Blue', 'Yellow']","['Fire Red', 'Leaf Green']",[],[],[],"['Heart Gold', 'Soul Silver']",[],[],"['X', 'Y']",[],[],[],"['Lets Go Pikachu', 'Lets Go Eevee']","['Sword', 'Shield']","['Brilliant Diamond', 'Shining Pearl']",[],"['Scarlet', 'Violet']",['Legends ZA']
9,Blastoise,,"['Red', 'Green', 'Blue', 'Yellow']","['Fire Red', 'Leaf Green']",[],[],[],"['Heart Gold', 'Soul Silver']",[],[],"['X', 'Y']",[],[],[],"['Lets Go Pikachu', 'Lets Go Eevee']","['Sword', 'Shield']","['Brilliant Diamond', 'Shining Pearl']",[],"['Scarlet', 'Violet']",['Legends ZA']
10,Caterpie,,"['Red', 'Green', 'Blue', 'Yellow']","['Fire Red', 'Leaf Green']","['Gold', 'Silver', 'Crystal']",[],"['Diamond', 'Pearl', 'Platinum']","['Heart Gold', 'Soul Silver']",['White'],['White 2'],"['X', 'Y']",[],"['Sun', 'Moon']",[],"['Lets Go Pikachu', 'Lets Go Eevee']","['Sword', 'Shield']",['Brilliant Diamond'],[],[],[]
11,Metapod,,"['Red', 'Green', 'Blue', 'Yellow']","['Fire Red', 'Leaf Green']","['Gold', 'Silver', 'Crystal']",[],"['Diamond', 'Pearl', 'Platinum']","['Heart Gold', 'Soul Silver']",['White'],['White 2'],"['X', 'Y']",[],"['Sun', 'Moon']",[],"['Lets Go Pikachu', 'Lets Go Eevee']","['Sword', 'Shield']",['Brilliant Diamond'],[],[],[]
12,Butterfree,,"['Red', 'Green', 'Blue', 'Yellow']","['Fire Red', 'Leaf Green']","['Gold', 'Silver', 'Crystal']",[],"['Diamond', 'Pearl', 'Platinum']","['Heart Gold', 'Soul Silver']",['White'],['White 2'],"['X', 'Y']",[],"['Sun', 'Moon']",[],"['Lets Go Pikachu', 'Lets Go Eevee']","['Sword', 'Shield']",['Brilliant Diamond'],[],[],[]
13,Weedle,,"['Red', 'Green', 'Blue']","['Fire Red', 'Leaf Green']","['Gold', 'Silver', 'Crystal']",[],"['Diamond', 'Pearl', 'Platinum']","['Heart Gold', 'Soul Silver']",['Black'],['Black 2'],"['X', 'Y']","['Omega Ruby', 'Alpha Sapphire']",[],[],"['Lets Go Pikachu', 'Lets Go Eevee']",[],['Shining Pearl'],[],[],['Legends ZA']
14,Kakuna,,"['Red', 'Green', 'Blue']","['Fire Red', 'Leaf Green']","['Gold', 'Silver', 'Crystal']",[],"['Diamond', 'Pearl', 'Platinum']","['Heart Gold', 'Soul Silver']",['Black'],['Black 2'],"['X', 'Y']","['Omega Ruby', 'Alpha Sapphire']",[],[],"['Lets Go Pikachu', 'Lets Go Eevee']",[],['Shining Pearl'],[],[],['Legends ZA']
15,Beedrill,,"['Red', 'Green', 'Blue']","['Fire Red', 'Leaf Green']","['Gold', 'Silver', 'Crystal']",[],"['Diamond', 'Pearl', 'Platinum']","['Heart Gold', 'Soul Silver']",['Black'],['Black 2'],"['X', 'Y']","['Omega Ruby', 'Alpha Sapphire']",[],[],"['Lets Go Pikachu', 'Lets Go Eevee']",[],['Shining Pearl'],[],[],['Legends ZA']
16,Pidgey,,"['Red', 'Green', 'Blue', 'Yellow']","['Fire Red', 'Leaf Green']","['Gold', 'Silver', 'Crystal']",[],"['Diamond', 'Pearl', 'Platinum']","['Heart Gold', 'Soul Silver']",['White'],[],"['X', 'Y']","['Omega Ruby', 'Alpha Sapphire']",[],[],"['Lets Go Pikachu', 'Lets Go Eevee']",[],"['Brilliant Diamond', 'Shining Pearl']",[],[],['Legends ZA']
17,Pidgeotto,,"['Red', 'Green', 'Blue', 'Yellow']","['Fire Red', 'Leaf Green']","['Gold', 'Silver', 'Crystal']",[],"['Diamond', 'Pearl', 'Platinum']","['Heart Gold', 'Soul Silver']",['White'],[],"['X', 'Y']","['Omega Ruby', 'Alpha Sapphire']",[],[],"['Lets Go Pikachu', 'Lets Go Eevee']",[],"['Brilliant Diamond', 'Shining Pearl']",[],[],['Legends ZA']
18,Pidgeot,,"['Red', 'Green', 'Blue', 'Yellow']","['Fire Red', 'Leaf Green']","['Gold', 'Silver', 'Crystal']",[],"['Diamond', 'Pearl', 'Platinum']","['Heart Gold', 'Soul Silver']",['White'],[],"['X', 'Y']","['Omega Ruby', 'Alpha Sapphire']",[],[],"['Lets Go Pikachu', 'Lets Go Eevee']",[],"['Brilliant Diamond', 'Shining Pearl']",[],[],['Legends ZA']
19,Rattata,,"['Red', 'Green', 'Blue', 'Yellow']","['Fire Red', 'Leaf Green']","['Gold', 'Silver', 'Crystal']",[],"['Diamond', 'Pearl', 'Platinum']","['Heart Gold', 'Soul Silver']","['Black', 'White']","['Black 2', 'White 2']",[],"['Omega Ruby', 'Alpha Sapphire']","['Sun', 'Moon']",[],"['Lets Go Pikachu', 'Lets Go Eevee']",[],"['Brilliant Diamond', 'Shining Pearl']",[],[],[]
20,Raticate,,"['Red', 'Green', 'Blue', 'Yellow']","['Fire Red', 'Leaf Green']","['Gold', 'Silver', 'Crystal']",[],"['Diamond', 'Pearl', 'Platinum']","['Heart Gold', 'Soul Silver']","['Black', 'White']","['Black 2', 'White 2']",[],"['Omega Ruby', 'Alpha Sapphire']","['Sun', 'Moon']",[],"['Lets Go Pikachu', 'Lets Go Eevee']",[],"['Brilliant Diamond', 'Shining Pearl']",[],[],[]
21,Spearow,,"['Red', 'Green', 'Blue', 'Yellow']","['Fire Red', 'Leaf Green']","['Gold', 'Silver', 'Crystal']",[],"['Diamond', 'Pearl', 'Platinum']","['Heart Gold', 'Soul Silver']","['Black', 'White']","['Black 2', 'White 2']","['X', 'Y']",[],"['Sun', 'Moon']",[],"['Lets Go Pikachu', 'Lets Go Eevee']",[],"['Brilliant Diamond', 'Shining Pearl']",[],[],[]
22,Fearow,,"['Red', 'Green', 'Blue', 'Yellow']","['Fire Red', 'Leaf Green']","['Gold', 'Silver', 'Crystal']",[],"['Diamond', 'Pearl', 'Platinum']","['Heart Gold', 'Soul Silver']","['Black', 'White']","['Black 2', 'White 2']","['X', 'Y']",[],"['Sun', 'Moon']",[],"['Lets Go Pikachu', 'Lets Go Eevee']",[],"['Brilliant Diamond', 'Shining Pearl']",[],[],[]
23,Ekans,,['Red'],['Fire Red'],"['Gold', 'Silver', 'Crystal']",[],"['Diamond', 'Pearl', 'Platinum']","['Heart Gold', 'Soul Silver']",[],[],"['X', 'Y']",[],[],[],['Lets Go Eevee'],[],['Brilliant Diamond'],[],"['Scarlet', 'Violet']",['Legends ZA']
24,Arbok,,['Red'],['Fire Red'],"['Gold', 'Silver', 'Crystal']",[],"['Diamond', 'Pearl', 'Platinum']","['Heart Gold', 'Soul Silver']",[],[],"['X', 'Y']",[],[],[],['Lets Go Eevee'],[],['Brilliant Diamond'],[],"['Scarlet', 'Violet']",['Legends ZA']
25,Pikachu,,"['Red', 'Green', 'Blue', 'Yellow']","['Fire Red', 'Leaf Green']","['Gold', 'Silver', 'Crystal']","['Ruby', 'Sapphire', 'Emerald']","['Diamond', 'Pearl', 'Platinum']","['Heart Gold', 'Soul Silver']",[],[],"['X', 'Y']","['Omega Ruby', 'Alpha Sapphire']","['Sun', 'Moon']",[],"['Lets Go Pikachu', 'Lets Go Eevee']","['Sword', 'Shield']","['Brilliant Diamond', 'Shining Pearl']",['Legends Arceus'],"['Scarlet', 'Violet']",['Legends ZA']
26,Raichu,,"['Red', 'Green', 'Blue']","['Fire Red', 'Leaf Green']","['Gold', 'Silver', 'Crystal']","['Ruby', 'Sapphire', 'Emerald']","['Diamond', 'Pearl', 'Platinum']","['Heart Gold', 'Soul Silver']",[],[],"['X', 'Y']","['Omega Ruby', 'Alpha Sapphire']",[],[],"['Lets Go Pikachu', 'Lets Go Eevee']","['Sword', 'Shield']","['Brilliant Diamond', 'Shining Pearl']",['Legends Arceus'],"['Scarlet', 'Violet']",['Legends ZA']
26,Raichu,Alolan,[],[],[],[],[],[],[],[],[],[],[],[],[],"['Sword', 'Shield']",[],[],"['Scarlet', 'Violet']",['Legends ZA']
27,Sandshrew,,"['Green', 'Blue', 'Yellow']",['Leaf Green'],"['Gold', 'Silver', 'Crystal']","['Ruby', 'Sapphire', 'Emerald']","['Diamond', 'Pearl', 'Platinum']","['Heart Gold', 'Soul Silver']","['Black', 'White']","['Black 2', 'White 2']","['X', 'Y']","['Omega Ruby', 'Alpha Sapphire']","['Sun', 'Moon']",[],['Lets Go Pikachu'],"['Sword', 'Shield']",['Shining Pearl'],[],"['Scarlet', 'Violet']",[]
27,Sandshrew,Alolan,[],[],[],[],[],[],[],[],[],[],[],[],[],"['Sword', 'Shield']",[],[],"['Scarlet', 'Violet']",[]
28,Sandslash,,"['Green', 'Blue', 'Yellow']",['Leaf Green'],"['Gold', 'Silver', 'Crystal']","['Ruby', 'Sapphire', 'Emerald']","['Diamond', 'Pearl', 'Platinum']","['Heart Gold', 'Soul Silver']","['Black', 'White']","['Black 2', 'White 2']","['X', 'Y']","['Omega Ruby', 'Alpha Sapphire']","['Sun', 'Moon']",[],['Lets Go Pikachu'],"['Sword', 'Shield']",['Shining Pearl'],[],"['Scarlet', 'Violet']",[]
28,Sandslash,Alolan,[],[],[],[],[],[],[],[],[],[],[],[],[],"['Sword', 'Shield']",[],[],"['Scarlet', 'Violet']",[]
29,Nidoran-F,,"['Red', 'Green', 'Blue', 'Yellow']","['Fire Red', 'Leaf Green']","['Gold', 'Silver', 'Crystal']",[],"['Diamond', 'Pearl', 'Platinum']","['Heart Gold', 'Soul Silver']",['White'],"['Black 2', 'White 2']","['X', 'Y']","['Omega Ruby', 'Alpha Sapphire']","['Sun', 'Moon']",[],"['Lets Go Pikachu', 'Lets Go Eevee']","['Sword', 'Shield']","['Brilliant Diamond', 'Shining Pearl']",[],[],[]
30,Nidorina,,"['Red', 'Green', 'Blue', 'Yellow']","['Fire Red', 'Leaf Green']","['Gold', 'Silver', 'Crystal']",[],"['Diamond', 'Pearl', 'Platinum']","['Heart Gold', 'Soul Silver']",['White'],"['Black 2', 'White 2']","['X', 'Y']",[],[],[],"['Lets Go Pikachu', 'Lets Go Eevee']","['Sword', 'Shield']","['Brilliant Diamond', 'Shining Pearl']",[],[],[]
31,Nidoqueen,,"['Red', 'Green', 'Blue', 'Yellow']","['Fire Red', 'Leaf Green']","['Gold', 'Silver', 'Crystal']",[],"['Diamond', 'Pearl', 'Platinum']","['Heart Gold', 'Soul Silver']",['White'],"['Black 2', 'White 2']","['X', 'Y']",[],[],[],"['Lets Go Pikachu', 'Lets Go Eevee']","['Sword', 'Shield']","['Brilliant Diamond', 'Shining Pearl']",[],[],[]
32,Nidoran-M,,"['Red', 'Green', 'Blue', 'Yellow']","['Fire Red', 'Leaf Green']","['Gold', 'Silver', 'Crystal']",[],"['Diamond', 'Pearl', 'Platinum']","['Heart Gold', 'Soul Silver']",['White'],"['Black 2', 'White 2']","['X', 'Y']","['Omega Ruby', 'Alpha Sapphire']","['Sun', 'Moon']",[],"['Lets Go Pikachu', 'Lets Go Eevee']","['Sword', 'Shield']","['Brilliant Diamond', 'Shining Pearl']",[],[],[]
33,Nidorino,,"['Red', 'Green', 'Blue', 'Yellow']","['Fire Red', 'Leaf Green']","['Gold', 'Silver', 'Crystal']",[],"['Diamond', 'Pearl', 'Platinum']","['Heart Gold', 'Soul Silver']",['White'],"['Black 2', 'White 2']","['X', 'Y']",[],[],[],"['Lets Go Pikachu', 'Lets Go Eevee']","['Sword', 'Shield']","['Brilliant Diamond', 'Shining Pearl']",[],[],[]
34,Nidoking,,"['Red', 'Green', 'Blue', 'Yellow']","['Fire Red', 'Leaf Green']","['Gold', 'Silver', 'Crystal']",[],"['Diamond', 'Pearl', 'Platinum']","['Heart Gold', 'Soul Silver']",['White'],"['Black 2', 'White 2']","['X', 'Y']",[],[],[],"['Lets Go Pikachu', 'Lets Go Eevee']","['Sword', 'Shield']","['Brilliant Diamond', 'Shining Pearl']",[],[],[]
35,Clefairy,,"['Red', 'Green', 'Blue', 'Yellow']","['Fire Red', 'Leaf Green']","['Gold', 'Silver', 'Crystal']",[],"['Diamond', 'Pearl', 'Platinum']","['Heart Gold', 'Soul Silver']","['Black', 'White']","['Black 2', 'White 2']","['X', 'Y']","['Omega Ruby', 'Alpha Sapphire']","['Sun', 'Moon']",[],"['Lets Go Pikachu', 'Lets Go Eevee']","['Sword', 'Shield']","['Brilliant Diamond', 'Shining Pearl']",['Legends Arceus'],"['Scarlet', 'Violet']",['Legends ZA']
36,Clefable,,"['Red', 'Green', 'Blue', 'Yellow']","['Fire Red', 'Leaf Green']","['Gold', 'Silver', 'Crystal']",[],"['Diamond', 'Pearl', 'Platinum']","['Heart Gold', 'Soul Silver']","['Black', 'White']","['Black 2', 'White 2']","['X', 'Y']","['Omega Ruby', 'Alpha Sapphire']","['Sun', 'Moon']",[],"['Lets Go Pikachu', 'Lets Go Eevee']","['Sword', 'Shield']","['Brilliant Diamond', 'Shining Pearl']",['Legends Arceus'],"['Scarlet', 'Violet']",['Legends ZA']
37,Vulpix,,"['Green', 'Yellow']",['Leaf Green'],['Silver'],"['Ruby', 'Sapphire', 'Emerald']","['Diamond', 'Pearl', 'Platinum']",['Soul Silver'],"['Black', 'White']","['Black 2', 'White 2']","['X', 'Y']","['Omega Ruby', 'Alpha Sapphire']","['Sun', 'Moon']",[],['Lets Go Eevee'],"['Sword', 'Shield']",['Shining Pearl'],['Legends Arceus'],"['Scarlet', 'Violet']",[]
37,Vulpix,Alolan,[],[],[],[],[],[],[],[],[],[],[],[],[],"['Sword', 'Shield']",[],['Legends Arceus'],"['Scarlet', 'Violet']",[]
38,Ninetales,,"['Green', 'Yellow']",['Leaf Green'],['Silver'],"['Ruby', 'Sapphire', 'Emerald']","['Diamond', 'Pearl', 'Platinum']",['Soul Silver'],"['Black', 'White']","['Black 2', 'White 2']","['X', 'Y']","['Omega Ruby', 'Alpha Sapphire']","['Sun', 'Moon']",[],['Lets Go Eevee'],"['Sword', 'Shield']",['Shining Pearl'],['Legends Arceus'],"['Scarlet', 'Violet']",[]
38,Ninetales,Alolan,[],[],[],[],[],[],[],[],[],[],[],[],[],"['Sword', 'Shield']",[],['Legends Arceus'],"['Scarlet', 'Violet']",[]
39,Jigglypuff,,"['Red', 'Green', 'Blue', 'Yellow']","['Fire Red', 'Leaf Green']","['Gold', 'Silver', 'Crystal']","['Ruby', 'Sapphire', 'Emerald']","['Diamond', 'Pearl', 'Platinum']","['Heart Gold', 'Soul Silver']","['Black', 'White']","['Black 2', 'White 2']","['X', 'Y']","['Omega Ruby', 'Alpha Sapphire']","['Sun', 'Moon']",[],"['Lets Go Pikachu', 'Lets Go Eevee']","['Sword', 'Shield']","['Brilliant Diamond', 'Shining Pearl']",[],"['Scarlet', 'Violet']",['Legends ZA']
40,Wigglytuff,,"['Red', 'Green', 'Blue', 'Yellow']","['Fire Red', 'Leaf Green']","['Gold', 'Silver', 'Crystal']","['Ruby', 'Sapphire', 'Emerald']","['Diamond', 'Pearl', 'Platinum']","['Heart Gold', 'Soul Silver']","['Black', 'White']","['Black 2', 'White 2']","['X', 'Y']","['Omega Ruby', 'Alpha Sapphire']","['Sun', 'Moon']",[],"['Lets Go Pikachu', 'Lets Go Eevee']","['Sword', 'Shield']","['Brilliant Diamond', 'Shining Pearl']",[],"['Scarlet', 'Violet']",['Legends ZA']
41,Zubat,,"['Red', 'Green', 'Blue', 'Yellow']","['Fire Red', 'Leaf Green']","['Gold', 'Silver', 'Crystal']","['Ruby', 'Sapphire', 'Emerald']","['Diamond', 'Pearl', 'Platinum']","['Heart Gold', 'Soul Silver']","['Black', 'White']","['Black 2', 'White 2']","['X', 'Y']","['Omega Ruby', 'Alpha Sapphire']","['Sun', 'Moon']",[],"['Lets Go Pikachu', 'Lets Go Eevee']","['Sword', 'Shield']","['Brilliant Diamond', 'Shining Pearl']",['Legends Arceus'],[],['Legends ZA']
42,Golbat,,"['Red', 'Green', 'Blue', 'Yellow']","['Fire Red', 'Leaf Green']","['Gold', 'Silver', 'Crystal']","['Ruby', 'Sapphire', 'Emerald']","['Diamond', 'Pearl', 'Platinum']","['Heart Gold', 'Soul Silver']","['Black', 'White']","['Black 2', 'White 2']","['X', 'Y']","['Omega Ruby', 'Alpha Sapphire']","['Sun', 'Moon']",[],"['Lets Go Pikachu', 'Lets Go Eevee']","['Sword', 'Shield']","['Brilliant Diamond', 'Shining Pearl']",['Legends Arceus'],[],['Legends ZA']
43,Oddish,,"['Red', 'Blue', 'Yellow']",['Fire Red'],"['Gold', 'Silver', 'Crystal']","['Ruby', 'Sapphire', 'Emerald']","['Diamond', 'Pearl', 'Platinum']","['Heart Gold', 'Soul Silver']",['White'],[],"['X', 'Y']","['Omega Ruby', 'Alpha Sapphire']",[],[],['Lets Go Pikachu'],"['Sword', 'Shield']","['Brilliant Diamond', 'Shining Pearl']",[],"['Scarlet', 'Violet']",[]
44,Gloom,,"['Red', 'Blue', 'Yellow']",['Fire Red'],"['Gold', 'Silver', 'Crystal']","['Ruby', 'Sapphire', 'Emerald']","['Diamond', 'Pearl', 'Platinum']","['Heart Gold', 'Soul Silver']",['White'],[],"['X', 'Y']","['Omega Ruby', 'Alpha Sapphire']",[],[],['Lets Go Pikachu'],"['Sword', 'Shield']","['Brilliant Diamond', 'Shining Pearl']",[],"['Scarlet', 'Violet']",[]
45,Vileplume,,"['Red', 'Blue', 'Yellow']",['Fire Red'],"['Gold', 'Silver', 'Crystal']","['Ruby', 'Sapphire', 'Emerald']","['Diamond', 'Pearl', 'Platinum']","['Heart Gold', 'Soul Silver']",['White'],[],"['X', 'Y']","['Omega Ruby', 'Alpha Sapphire']",[],[],['Lets Go Pikachu'],"['Sword', 'Shield']","['Brilliant Diamond', 'Shining Pearl']",[],"['Scarlet', 'Violet']",[]
46,Paras,,"['Red', 'Green', 'Blue', 'Yellow']","['Fire Red', 'Leaf Green']","['Gold', 'Silver', 'Crystal']",[],"['Diamond', 'Pearl', 'Platinum']","['Heart Gold', 'Soul Silver']",['White'],[],"['X', 'Y']","['Omega Ruby', 'Alpha Sapphire']","['Sun', 'Moon']",[],"['Lets Go Pikachu', 'Lets Go Eevee']",[],"['Brilliant Diamond', 'Shining Pearl']",['Legends Arceus'],[],[]
47,Parasect,,"['Red', 'Green', 'Blue', 'Yellow']","['Fire Red', 'Leaf Green']","['Gold', 'Silver', 'Crystal']",[],"['Diamond', 'Pearl', 'Platinum']","['Heart Gold', 'Soul Silver']",['White'],[],"['X', 'Y']","['Omega Ruby', 'Alpha Sapphire']","['Sun', 'Moon']",[],"['Lets Go Pikachu', 'Lets Go Eevee']",[],"['Brilliant Diamond', 'Shining Pearl']",['Legends Arceus'],[],[]
48,Venonat,,"['Red', 'Green', 'Blue', 'Yellow']","['Fire Red', 'Leaf Green']","['Gold', 'Silver', 'Crystal']",[],"['Diamond', 'Pearl', 'Platinum']","['Heart Gold', 'Soul Silver']","['Black', 'White']","['Black 2', 'White 2']","['X', 'Y']","['Omega Ruby', 'Alpha Sapphire']",[],[],"['Lets Go Pikachu', 'Lets Go Eevee']",[],"['Brilliant Diamond', 'Shining Pearl']",[],"['Scarlet', 'Violet']",[]
49,Venomoth,,"['Red', 'Green', 'Blue', 'Yellow']","['Fire Red', 'Leaf Green']","['Gold', 'Silver', 'Crystal']",[],"['Diamond', 'Pearl', 'Platinum']","['Heart Gold', 'Soul Silver']","['Black', 'White']","['Black 2', 'White 2']","['X', 'Y']","['Omega Ruby', 'Alpha Sapphire']",[],[],"['Lets Go Pikachu', 'Lets Go Eevee']",[],"['Brilliant Diamond', 'Shining Pearl']",[],"['Scarlet', 'Violet']",[]
50,Diglett,,"['Red', 'Green', 'Blue', 'Yellow']","['Fire Red', 'Leaf Green']","['Gold', 'Silver', 'Crystal']",[],"['Diamond', 'Pearl', 'Platinum']","['Heart Gold', 'Soul Silver']",[],[],"['X', 'Y']","['Omega Ruby', 'Alpha Sapphire']","['Sun', 'Moon']",[],"['Lets Go Pikachu', 'Lets Go Eevee']","['Sword', 'Shield']","['Brilliant Diamond', 'Shining Pearl']",[],"['Scarlet', 'Violet']",[]
50,Diglett,Alolan,[],[],[],[],[],[],[],[],[],[],[],[],[],"['Sword', 'Shield']",[],[],"['Scarlet', 'Violet']",[]
51,Dugtrio,,"['Red', 'Green', 'Blue', 'Yellow']","['Fire Red', 'Leaf Green']","['Gold', 'Silver', 'Crystal']",[],"['Diamond', 'Pearl', 'Platinum']","['Heart Gold', 'Soul Silver']",[],[],"['X', 'Y']","['Omega Ruby', 'Alpha Sapphire']","['Sun', 'Moon']",[],"['Lets Go Pikachu', 'Lets Go Eevee']","['Sword', 'Shield']","['Brilliant Diamond', 'Shining Pearl']",[],"['Scarlet', 'Violet']",[]
51,Dugtrio,Alolan,[],[],[],[],[],[],[],[],[],[],[],[],[],"['Sword', 'Shield']",[],[],"['Scarlet', 'Violet']",[]
52,Meowth,,"['Green', 'Blue']","['Fire Red', 'Leaf Green']","['Silver', 'Crystal']",['Emerald'],"['Diamond', 'Pearl', 'Platinum']",['Soul Silver'],[],"['Black 2', 'White 2']",[],"['Omega Ruby', 'Alpha Sapphire']","['Sun', 'Moon']",[],['Lets Go Eevee'],"['Sword', 'Shield']","['Brilliant Diamond', 'Shining Pearl']",[],"['Scarlet', 'Violet']",['Legends ZA']
52,Meowth,Alolan,[],[],[],[],[],[],[],[],[],[],[],[],[],"['Sword', 'Shield']",[],[],"['Scarlet', 'Violet']",['Legends ZA']
52,Meowth,Galarian,[],[],[],[],[],[],[],[],[],[],[],[],[],"['Sword', 'Shield']",[],[],"['Scarlet', 'Violet']",['Legends ZA']
53,Persian,,"['Green', 'Blue']","['Fire Red', 'Leaf Green']","['Silver', 'Crystal']",['Emerald'],"['Diamond', 'Pearl', 'Platinum']",['Soul Silver'],[],"['Black 2', 'White 2']",[],"['Omega Ruby', 'Alpha Sapphire']","['Sun', 'Moon']",[],"['Lets Go Pikachu', 'Lets Go Eevee']","['Sword', 'Shield']","['Brilliant Diamond', 'Shining Pearl']",[],"['Scarlet', 'Violet']",['Legends ZA']
53,Persian,Alolan,[],[],[],[],[],[],[],[],[],[],[],[],[],"['Sword', 'Shield']",[],[],"['Scarlet', 'Violet']",['Legends ZA']
54,Psyduck,,"['Red', 'Green', 'Blue', 'Yellow']",['Fire Red'],"['Gold', 'Silver', 'Crystal']","['Ruby', 'Sapphire', 'Emerald']","['Diamond', 'Pearl', 'Platinum']","['Heart Gold', 'Soul Silver']","['Black', 'White']","['Black 2', 'White 2']","['X', 'Y']","['Omega Ruby', 'Alpha Sapphire']","['Sun', 'Moon']",[],"['Lets Go Pikachu', 'Lets Go Eevee']","['Sword', 'Shield']","['Brilliant Diamond', 'Shining Pearl']",['Legends Arceus'],"['Scarlet', 'Violet']",[]
55,Golduck,,"['Red', 'Green', 'Blue', 'Yellow']",['Fire Red'],"['Gold', 'Silver', 'Crystal']","['Ruby', 'Sapphire', 'Emerald']","['Diamond', 'Pearl', 'Platinum']","['Heart Gold', 'Soul Silver']","['Black', 'White']","['Black 2', 'White 2']","['X', 'Y']","['Omega Ruby', 'Alpha Sapphire']","['Sun', 'Moon']",[],"['Lets Go Pikachu', 'Lets Go Eevee']","['Sword', 'Shield']","['Brilliant Diamond', 'Shining Pearl']",['Legends Arceus'],"['Scarlet', 'Violet']",[]
56,Mankey,,"['Red', 'Yellow']","['Fire Red', 'Leaf Green']",['Gold'],[],"['Diamond', 'Pearl', 'Platinum']",['Heart Gold'],"['Black', 'White']","['Black 2', 'White 2']","['X', 'Y']","['Omega Ruby', 'Alpha Sapphire']","['Sun', 'Moon']",[],['Lets Go Pikachu'],[],"['Brilliant Diamond', 'Shining Pearl']",[],"['Scarlet', 'Violet']",['Legends ZA']
57,Primeape,,"['Red', 'Yellow']","['Fire Red', 'Leaf Green']",['Gold'],[],"['Diamond', 'Pearl', 'Platinum']",['Heart Gold'],"['Black', 'White']","['Black 2', 'White 2']","['X', 'Y']","['Omega Ruby', 'Alpha Sapphire']","['Sun', 'Moon']",[],['Lets Go Pikachu'],[],"['Brilliant Diamond', 'Shining Pearl']",[],"['Scarlet', 'Violet']",['Legends ZA']
58,Growlithe,,"['Red', 'Blue', 'Yellow']",['Fire Red'],"['Gold', 'Crystal']",[],"['Diamond', 'Pearl', 'Platinum']",['Heart Gold'],[],"['Black 2', 'White 2']","['X', 'Y']","['Omega Ruby', 'Alpha Sapphire']","['Sun', 'Moon']",[],['Lets Go Pikachu'],"['Sword', 'Shield']",['Brilliant Diamond'],[],"['Scarlet', 'Violet']",[]
58,Growlithe,Hisuian,[],[],[],[],[],[],[],[],[],[],[],[],[],[],[],['Legends Arceus'],"['Scarlet', 'Violet']",[]
59,Arcanine,,"['Red', 'Blue', 'Yellow']",['Fire Red'],"['Gold', 'Crystal']",[],"['Diamond', 'Pearl', 'Platinum']",['Heart Gold'],[],"['Black 2', 'White 2']","['X', 'Y']","['Omega Ruby', 'Alpha Sapphire']","['Sun', 'Moon']",[],"['Lets Go Pikachu', 'Lets Go Eevee']","['Sword', 'Shield']",['Brilliant Diamond'],[],"['Scarlet', 'Violet']",[]
59,Arcanine,Hisuian,[],[],[],[],[],[],[],[],[],[],[],[],[],[],[],['Legends Arceus'],"['Scarlet', 'Violet']",[]
60,Poliwag,,"['Red', 'Green', 'Blue', 'Yellow']","['Fire Red', 'Leaf Green']","['Gold', 'Silver', 'Crystal']",[],"['Diamond', 'Pearl', 'Platinum']","['Heart Gold', 'Soul Silver']","['Black', 'White']","['Black 2', 'White 2']","['X', 'Y']",[],"['Sun', 'Moon']",[],"['Lets Go Pikachu', 'Lets Go Eevee']","['Sword', 'Shield']","['Brilliant Diamond', 'Shining Pearl']",[],"['Scarlet', 'Violet']",[]
61,Poliwhirl,,"['Red', 'Green', 'Blue', 'Yellow']","['Fire Red', 'Leaf Green']","['Gold', 'Silver', 'Crystal']",[],"['Diamond', 'Pearl', 'Platinum']","['Heart Gold', 'Soul Silver']","['Black', 'White']","['Black 2', 'White 2']","['X', 'Y']",[],"['Sun', 'Moon']",[],"['Lets Go Pikachu', 'Lets Go Eevee']","['Sword', 'Shield']","['Brilliant Diamond', 'Shining Pearl']",[],"['Scarlet', 'Violet']",[]
62,Poliwrath,,"['Red', 'Green', 'Blue', 'Yellow']","['Fire Red', 'Leaf Green']","['Gold', 'Silver', 'Crystal']",[],"['Diamond', 'Pearl', 'Platinum']","['Heart Gold', 'Soul Silver']","['Black', 'White']","['Black 2', 'White 2']","['X', 'Y']",[],"['Sun', 'Moon']",[],"['Lets Go Pikachu', 'Lets Go Eevee']","['Sword', 'Shield']","['Brilliant Diamond', 'Shining Pearl']",[],"['Scarlet', 'Violet']",[]
63,Abra,,"['Red', 'Green', 'Blue', 'Yellow']","['Fire Red', 'Leaf Green']","['Gold', 'Silver', 'Crystal']","['Ruby', 'Sapphire', 'Emerald']","['Diamond', 'Pearl', 'Platinum']","['Heart Gold', 'Soul Silver']",['White'],"['Black 2', 'White 2']","['X', 'Y']","['Omega Ruby', 'Alpha Sapphire']","['Sun', 'Moon']",[],"['Lets Go Pikachu', 'Lets Go Eevee']","['Sword', 'Shield']","['Brilliant Diamond', 'Shining Pearl']",['Legends Arceus'],[],['Legends ZA']
64,Kadabra,,"['Red', 'Green', 'Blue', 'Yellow']","['Fire Red', 'Leaf Green']","['Gold', 'Silver', 'Crystal']","['Ruby', 'Sapphire', 'Emerald']","['Diamond', 'Pearl', 'Platinum']","['Heart Gold', 'Soul Silver']",['White'],"['Black 2', 'White 2']","['X', 'Y']","['Omega Ruby', 'Alpha Sapphire']","['Sun', 'Moon']",[],"['Lets Go Pikachu', 'Lets Go Eevee']","['Sword', 'Shield']","['Brilliant Diamond', 'Shining Pearl']",['Legends Arceus'],[],['Legends ZA']
65,Alakazam,,"['Red', 'Green', 'Blue', 'Yellow']","['Fire Red', 'Leaf Green']","['Gold', 'Silver', 'Crystal']","['Ruby', 'Sapphire', 'Emerald']","['Diamond', 'Pearl', 'Platinum']","['Heart Gold', 'Soul Silver']","['Black', 'White']","['Black 2', 'White 2']","['X', 'Y']","['Omega Ruby', 'Alpha Sapphire']","['Sun', 'Moon']",[],"['Lets Go Pikachu', 'Lets Go Eevee']","['Sword', 'Shield']","['Brilliant Diamond', 'Shining Pearl']",['Legends Arceus'],[],['Legends ZA']
66,Machop,,"['Red', 'Green', 'Blue', 'Yellow']","['Fire Red', 'Leaf Green']","['Gold', 'Silver', 'Crystal']","['Ruby', 'Sapphire', 'Emerald']","['Diamond', 'Pearl', 'Platinum']","['Heart Gold', 'Soul Silver']",['White'],[],"['X', 'Y']","['Omega Ruby', 'Alpha Sapphire']","['Sun', 'Moon']",[],"['Lets Go Pikachu', 'Lets Go Eevee']","['Sword', 'Shield']","['Brilliant Diamond', 'Shining Pearl']",['Legends Arceus'],[],['Legends ZA']
67,Machoke,,"['Red', 'Green', 'Blue', 'Yellow']","['Fire Red', 'Leaf Green']","['Gold', 'Silver', 'Crystal']","['Ruby', 'Sapphire', 'Emerald']","['Diamond', 'Pearl', 'Platinum']","['Heart Gold', 'Soul Silver']",['White'],[],"['X', 'Y']","['Omega Ruby', 'Alpha Sapphire']","['Sun', 'Moon']",[],"['Lets Go Pikachu', 'Lets Go Eevee']","['Sword', 'Shield']","['Brilliant Diamond', 'Shining Pearl']",['Legends Arceus'],[],['Legends ZA']
68,Machamp,,"['Red', 'Green', 'Blue', 'Yellow']","['Fire Red', 'Leaf Green']","['Gold', 'Silver', 'Crystal']","['Ruby', 'Sapphire', 'Emerald']","['Diamond', 'Pearl', 'Platinum']","['Heart Gold', 'Soul Silver']","['Black', 'White']",[],"['X', 'Y']","['Omega Ruby', 'Alpha Sapphire']","['Sun', 'Moon']",[],"['Lets Go Pikachu', 'Lets Go Eevee']","['Sword', 'Shield']","['Brilliant Diamond', 'Shining Pearl']",['Legends Arceus'],[],['Legends ZA']
69,Bellsprout,,"['Green', 'Yellow']",['Leaf Green'],"['Gold', 'Silver', 'Crystal']",[],"['Diamond', 'Pearl', 'Platinum']","['Heart Gold', 'Soul Silver']",['White'],[],"['X', 'Y']",[],"['Sun', 'Moon']",[],['Lets Go Eevee'],[],"['Brilliant Diamond', 'Shining Pearl']",[],"['Scarlet', 'Violet']",['Legends ZA']
70,Weepinbell,,"['Green', 'Yellow']",['Leaf Green'],"['Gold', 'Silver', 'Crystal']",[],"['Diamond', 'Pearl', 'Platinum']","['Heart Gold', 'Soul Silver']",['White'],[],"['X', 'Y']",[],"['Sun', 'Moon']",[],['Lets Go Eevee'],[],"['Brilliant Diamond', 'Shining Pearl']",[],"['Scarlet', 'Violet']",['Legends ZA']
71,Victreebel,,"['Green', 'Yellow']",['Leaf Green'],"['Gold', 'Silver', 'Crystal']",[],"['Diamond', 'Pearl', 'Platinum']","['Heart Gold', 'Soul Silver']",['White'],[],"['X', 'Y']",[],"['Sun', 'Moon']",[],['Lets Go Eevee'],[],"['Brilliant Diamond', 'Shining Pearl']",[],"['Scarlet', 'Violet']",['Legends ZA']
72,Tentacool,,"['Red', 'Green', 'Blue', 'Yellow']","['Fire Red', 'Leaf Green']","['Gold', 'Silver', 'Crystal']","['Ruby', 'Sapphire', 'Emerald']","['Diamond', 'Pearl', 'Platinum']","['Heart Gold', 'Soul Silver']",[],[],"['X', 'Y']","['Omega Ruby', 'Alpha Sapphire']","['Sun', 'Moon']",[],"['Lets Go Pikachu', 'Lets Go Eevee']","['Sword', 'Shield']","['Brilliant Diamond', 'Shining Pearl']",['Legends Arceus'],"['Scarlet', 'Violet']",[]
73,Tentacruel,,"['Red', 'Green', 'Blue', 'Yellow']","['Fire Red', 'Leaf Green']","['Gold', 'Silver', 'Crystal']","['Ruby', 'Sapphire', 'Emerald']","['Diamond', 'Pearl', 'Platinum']","['Heart Gold', 'Soul Silver']",[],[],"['X', 'Y']","['Omega Ruby', 'Alpha Sapphire']","['Sun', 'Moon']",[],"['Lets Go Pikachu', 'Lets Go Eevee']","['Sword', 'Shield']","['Brilliant Diamond', 'Shining Pearl']",['Legends Arceus'],"['Scarlet', 'Violet']",[]
74,Geodude,,"['Red', 'Green', 'Blue', 'Yellow']","['Fire Red', 'Leaf Green']","['Gold', 'Silver', 'Crystal']","['Ruby', 'Sapphire', 'Emerald']","['Diamond', 'Pearl', 'Platinum']","['Heart Gold', 'Soul Silver']","['Black', 'White']",[],"['X', 'Y']","['Omega Ruby', 'Alpha Sapphire']","['Sun', 'Moon']",[],"['Lets Go Pikachu', 'Lets Go Eevee']",[],"['Brilliant Diamond', 'Shining Pearl']",['Legends Arceus'],"['Scarlet', 'Violet']",[]
74,Geodude,Alolan,[],[],[],[],[],[],[],[],[],[],[],[],[],[],[],[],"['Scarlet', 'Violet']",[]
75,Graveler,,"['Red', 'Green', 'Blue', 'Yellow']","['Fire Red', 'Leaf Green']","['Gold', 'Silver', 'Crystal']","['Ruby', 'Sapphire', 'Emerald']","['Diamond', 'Pearl', 'Platinum']","['Heart Gold', 'Soul Silver']","['Black', 'White']",[],"['X', 'Y']","['Omega Ruby', 'Alpha Sapphire']","['Sun', 'Moon']",[],"['Lets Go Pikachu', 'Lets Go Eevee']",[],"['Brilliant Diamond', 'Shining Pearl']",['Legends Arceus'],"['Scarlet', 'Violet']",[]
75,Graveler,Alolan,[],[],[],[],[],[],[],[],[],[],[],[],[],[],[],[],"['Scarlet', 'Violet']",[]
76,Golem,,"['Red', 'Green', 'Blue', 'Yellow']","['Fire Red', 'Leaf Green']","['Gold', 'Silver', 'Crystal']","['Ruby', 'Sapphire', 'Emerald']","['Diamond', 'Pearl', 'Platinum']","['Heart Gold', 'Soul Silver']","['Black', 'White']",[],"['X', 'Y']","['Omega Ruby', 'Alpha Sapphire']","['Sun', 'Moon']",[],"['Lets Go Pikachu', 'Lets Go Eevee']",[],"['Brilliant Diamond', 'Shining Pearl']",['Legends Arceus'],"['Scarlet', 'Violet']",[]
76,Golem,Alolan,[],[],[],[],[],[],[],[],[],[],[],[],[],[],[],[],"['Scarlet', 'Violet']",[]
77,Ponyta,,"['Red', 'Green', 'Blue', 'Yellow']","['Fire Red', 'Leaf Green']","['Gold', 'Silver', 'Crystal']",[],"['Diamond', 'Pearl', 'Platinum']","['Heart Gold', 'Soul Silver']","['Black', 'White']",[],"['X', 'Y']","['Omega Ruby', 'Alpha Sapphire']",[],[],"['Lets Go Pikachu', 'Lets Go Eevee']","['Sword', 'Shield']","['Brilliant Diamond', 'Shining Pearl']",['Legends Arceus'],[],[]
77,Ponyta,Galarian,[],[],[],[],[],[],[],[],[],[],[],[],[],"['Sword', 'Shield']",[],[],[],[]
78,Rapidash,,"['Red', 'Green', 'Blue', 'Yellow']","['Fire Red', 'Leaf Green']","['Gold', 'Silver', 'Crystal']",[],"['Diamond', 'Pearl', 'Platinum']","['Heart Gold', 'Soul Silver']","['Black', 'White']",[],"['X', 'Y']","['Omega Ruby', 'Alpha Sapphire']",[],[],"['Lets Go Pikachu', 'Lets Go Eevee']","['Sword', 'Shield']","['Brilliant Diamond', 'Shining Pearl']",['Legends Arceus'],[],[]
78,Rapidash,Galarian,[],[],[],[],[],[],[],[],[],[],[],[],[],"['Sword', 'Shield']",[],[],[],[]
79,Slowpoke,,"['Red', 'Green', 'Blue', 'Yellow']",['Leaf Green'],"['Gold', 'Silver', 'Crystal']",[],['Platinum'],"['Heart Gold', 'Soul Silver']","['Black', 'White']","['Black 2', 'White 2']","['X', 'Y']","['Omega Ruby', 'Alpha Sapphire']","['Sun', 'Moon']",[],"['Lets Go Pikachu', 'Lets Go Eevee']","['Sword', 'Shield']",['Shining Pearl'],[],"['Scarlet', 'Violet']",['Legends ZA']
79,Slowpoke,Galarian,[],[],[],[],[],[],[],[],[],[],[],[],[],"['Sword', 'Shield']",[],[],"['Scarlet', 'Violet']",['Legends ZA']
80,Slowbro,,"['Red', 'Green', 'Blue', 'Yellow']",['Leaf Green'],"['Gold', 'Silver', 'Crystal']",[],['Platinum'],"['Heart Gold', 'Soul Silver']","['Black', 'White']","['Black 2', 'White 2']","['X', 'Y']","['Omega Ruby', 'Alpha Sapphire']","['Sun', 'Moon']",[],"['Lets Go Pikachu', 'Lets Go Eevee']","['Sword', 'Shield']",['Shining Pearl'],[],"['Scarlet', 'Violet']",['Legends ZA']
80,Slowbro,Galarian,[],[],[],[],[],[],[],[],[],[],[],[],[],"['Sword', 'Shield']",[],[],"['Scarlet', 'Violet']",['Legends ZA']
81,Magnemite,,"['Red', 'Green', 'Blue', 'Yellow']","['Fire Red', 'Leaf Green']","['Gold', 'Silver', 'Crystal']","['Ruby', 'Sapphire', 'Emerald']","['Diamond', 'Pearl', 'Platinum']","['Heart Gold', 'Soul Silver']",['White'],"['Black 2', 'White 2']","['X', 'Y']","['Omega Ruby', 'Alpha Sapphire']","['Sun', 'Moon']",[],"['Lets Go Pikachu', 'Lets Go Eevee']","['Sword', 'Shield']","['Brilliant Diamond', 'Shining Pearl']",['Legends Arceus'],"['Scarlet', 'Violet']",[]
82,Magneton,,"['Red', 'Green', 'Blue', 'Yellow']","['Fire Red', 'Leaf Green']","['Gold', 'Silver', 'Crystal']","['Ruby', 'Sapphire', 'Emerald']","['Diamond', 'Pearl', 'Platinum']","['Heart Gold', 'Soul Silver']",['White'],"['Black 2', 'White 2']","['X', 'Y']","['Omega Ruby', 'Alpha Sapphire']","['Sun', 'Moon']",[],"['Lets Go Pikachu', 'Lets Go Eevee']","['Sword', 'Shield']","['Brilliant Diamond', 'Shining Pearl']",['Legends Arceus'],"['Scarlet', 'Violet']",[]
83,Farfetch'd,,"['Red', 'Green', 'Blue', 'Yellow']","['Fire Red', 'Leaf Green']","['Gold', 'Silver', 'Crystal']",[],"['Diamond', 'Pearl', 'Platinum']","['Heart Gold', 'Soul Silver']","['Black', 'White']","['Black 2', 'White 2']","['X', 'Y']",[],[],[],"['Lets Go Pikachu', 'Lets Go Eevee']","['Sword', 'Shield']","['Brilliant Diamond', 'Shining Pearl']",[],[],['Legends ZA']
83,Farfetch'd,Galarian,[],[],[],[],[],[],[],[],[],[],[],[],[],"['Sword', 'Shield']",[],[],[],['Legends ZA']
84,Doduo,,"['Red', 'Green', 'Blue', 'Yellow']","['Fire Red', 'Leaf Green']","['Gold', 'Silver', 'Crystal']","['Ruby', 'Sapphire', 'Emerald']","['Diamond', 'Pearl', 'Platinum']","['Heart Gold', 'Soul Silver']","['Black', 'White']","['Black 2', 'White 2']","['X', 'Y']","['Omega Ruby', 'Alpha Sapphire']",[],[],"['Lets Go Pikachu', 'Lets Go Eevee']",[],"['Brilliant Diamond', 'Shining Pearl']",[],"['Scarlet', 'Violet']",[]
85,Dodrio,,"['Red', 'Green', 'Blue', 'Yellow']","['Fire Red', 'Leaf Green']","['Gold', 'Silver', 'Crystal']","['Ruby', 'Sapphire', 'Emerald']","['Diamond', 'Pearl', 'Platinum']","['Heart Gold', 'Soul Silver']","['Black', 'White']","['Black 2', 'White 2']","['X', 'Y']","['Omega Ruby', 'Alpha Sapphire']",[],[],"['Lets Go Pikachu', 'Lets Go Eevee']",[],"['Brilliant Diamond', 'Shining Pearl']",[],"['Scarlet', 'Violet']",[]
86,Seel,,"['Red', 'Green', 'Blue', 'Yellow']","['Fire Red', 'Leaf Green']","['Gold', 'Silver', 'Crystal']",[],"['Diamond', 'Platinum']","['Heart Gold', 'Soul Silver']","['Black', 'White']","['Black 2', 'White 2']","['X', 'Y']","['Omega Ruby', 'Alpha Sapphire']",[],[],"['Lets Go Pikachu', 'Lets Go Eevee']",[],['Brilliant Diamond'],[],"['Scarlet', 'Violet']",[]
87,Dewgong,,"['Red', 'Green', 'Blue', 'Yellow']","['Fire Red', 'Leaf Green']","['Gold', 'Silver', 'Crystal']",[],"['Diamond', 'Platinum']","['Heart Gold', 'Soul Silver']","['Black', 'White']","['Black 2', 'White 2']","['X', 'Y']","['Omega Ruby', 'Alpha Sapphire']",[],[],"['Lets Go Pikachu', 'Lets Go Eevee']",[],['Brilliant Diamond'],[],"['Scarlet', 'Violet']",[]
88,Grimer,,"['Red', 'Green', 'Blue', 'Yellow']","['Fire Red', 'Leaf Green']","['Gold', 'Silver', 'Crystal']","['Ruby', 'Sapphire', 'Emerald']","['Diamond', 'Pearl', 'Platinum']","['Heart Gold', 'Soul Silver']",[],"['Black 2', 'White 2']","['X', 'Y']","['Omega Ruby', 'Alpha Sapphire']","['Sun', 'Moon']",[],['Lets Go Pikachu'],[],"['Brilliant Diamond', 'Shining Pearl']",[],"['Scarlet', 'Violet']",[]
88,Grimer,Alolan,[],[],[],[],[],[],[],[],[],[],[],[],[],[],[],[],"['Scarlet', 'Violet']",[]
89,Muk,,"['Red', 'Green', 'Blue', 'Yellow']","['Fire Red', 'Leaf Green']","['Gold', 'Silver', 'Crystal']","['Ruby', 'Sapphire', 'Emerald']","['Diamond', 'Pearl', 'Platinum']","['Heart Gold', 'Soul Silver']",[],"['Black 2', 'White 2']","['X', 'Y']","['Omega Ruby', 'Alpha Sapphire']","['Sun', 'Moon']",[],['Lets Go Pikachu'],[],"['Brilliant Diamond', 'Shining Pearl']",[],"['Scarlet', 'Violet']",[]
89,Muk,Alolan,[],[],[],[],[],[],[],[],[],[],[],[],[],[],[],[],"['Scarlet', 'Violet']",[]
90,Shellder,,"['Red', 'Green', 'Blue', 'Yellow']",['Fire Red'],"['Gold', 'Silver', 'Crystal']",[],"['Diamond', 'Pearl', 'Platinum']","['Heart Gold', 'Soul Silver']","['Black', 'White']","['Black 2', 'White 2']",['Y'],[],"['Sun', 'Moon']",[],"['Lets Go Pikachu', 'Lets Go Eevee']","['Sword', 'Shield']","['Brilliant Diamond', 'Shining Pearl']",[],"['Scarlet', 'Violet']",[]
91,Cloyster,,"['Red', 'Green', 'Blue', 'Yellow']",['Fire Red'],"['Gold', 'Silver', 'Crystal']",[],"['Diamond', 'Pearl', 'Platinum']","['Heart Gold', 'Soul Silver']","['Black', 'White']","['Black 2', 'White 2']",['Y'],[],"['Sun', 'Moon']",[],"['Lets Go Pikachu', 'Lets Go Eevee']","['Sword', 'Shield']","['Brilliant Diamond', 'Shining Pearl']",[],"['Scarlet', 'Violet']",[]
92,Gastly,,"['Red', 'Green', 'Blue', 'Yellow']","['Fire Red', 'Leaf Green']","['Gold', 'Silver', 'Crystal']",[],"['Diamond', 'Pearl', 'Platinum']","['Heart Gold', 'Soul Silver']",['White'],[],"['X', 'Y']",[],"['Sun', 'Moon']",[],"['Lets Go Pikachu', 'Lets Go Eevee']","['Sword', 'Shield']","['Brilliant Diamond', 'Shining Pearl']",['Legends Arceus'],"['Scarlet', 'Violet']",['Legends ZA']
93,Haunter,,"['Red', 'Green', 'Blue', 'Yellow']","['Fire Red', 'Leaf Green']","['Gold', 'Silver', 'Crystal']",[],"['Diamond', 'Pearl', 'Platinum']","['Heart Gold', 'Soul Silver']",['White'],[],"['X', 'Y']",[],"['Sun', 'Moon']",[],"['Lets Go Pikachu', 'Lets Go Eevee']","['Sword', 'Shield']","['Brilliant Diamond', 'Shining Pearl']",['Legends Arceus'],"['Scarlet', 'Violet']",['Legends ZA']
94,Gengar,,"['Red', 'Green', 'Blue', 'Yellow']","['Fire Red', 'Leaf Green']","['Gold', 'Silver', 'Crystal']",[],"['Diamond', 'Pearl', 'Platinum']","['Heart Gold', 'Soul Silver']","['Black', 'White']",[],"['X', 'Y']",[],"['Sun', 'Moon']",[],"['Lets Go Pikachu', 'Lets Go Eevee']","['Sword', 'Shield']","['Brilliant Diamond', 'Shining Pearl']",['Legends Arceus'],"['Scarlet', 'Violet']",['Legends ZA']
95,Onix,,"['Red', 'Green', 'Blue', 'Yellow']","['Fire Red', 'Leaf Green']","['Gold', 'Silver', 'Crystal']",[],"['Diamond', 'Pearl', 'Platinum']","['Heart Gold', 'Soul Silver']","['Black', 'White']","['Black 2', 'White 2']","['X', 'Y']","['Omega Ruby', 'Alpha Sapphire']",[],[],"['Lets Go Pikachu', 'Lets Go Eevee']","['Sword', 'Shield']","['Brilliant Diamond', 'Shining Pearl']",['Legends Arceus'],[],['Legends ZA']
96,Drowzee,,"['Red', 'Green', 'Blue', 'Yellow']","['Fire Red', 'Leaf Green']","['Gold', 'Silver', 'Crystal']",[],"['Diamond', 'Pearl', 'Platinum']","['Heart Gold', 'Soul Silver']",[],"['Black 2', 'White 2']","['X', 'Y']","['Omega Ruby', 'Alpha Sapphire']","['Sun', 'Moon']",[],"['Lets Go Pikachu', 'Lets Go Eevee']",[],"['Brilliant Diamond', 'Shining Pearl']",[],"['Scarlet', 'Violet']",[]
97,Hypno,,"['Red', 'Green', 'Blue', 'Yellow']","['Fire Red', 'Leaf Green']","['Gold', 'Silver', 'Crystal']",[],"['Diamond', 'Pearl', 'Platinum']","['Heart Gold', 'Soul Silver']",[],"['Black 2', 'White 2']","['X', 'Y']","['Omega Ruby', 'Alpha Sapphire']","['Sun', 'Moon']",[],"['Lets Go Pikachu', 'Lets Go Eevee']",[],"['Brilliant Diamond', 'Shining Pearl']",[],"['Scarlet', 'Violet']",[]
98,Krabby,,"['Red', 'Green', 'Blue', 'Yellow']","['Fire Red', 'Leaf Green']","['Gold', 'Silver', 'Crystal']",[],"['Diamond', 'Pearl', 'Platinum']","['Heart Gold', 'Soul Silver']","['Black', 'White']","['Black 2', 'White 2']","['X', 'Y']","['Omega Ruby', 'Alpha Sapphire']",[],[],"['Lets Go Pikachu', 'Lets Go Eevee']","['Sword', 'Shield']","['Brilliant Diamond', 'Shining Pearl']",[],[],[]
99,Kingler,,"['Red', 'Green', 'Blue', 'Yellow']","['Fire Red', 'Leaf Green']","['Gold', 'Silver', 'Crystal']",[],"['Diamond', 'Pearl', 'Platinum']","['Heart Gold', 'Soul Silver']","['Black', 'White']","['Black 2', 'White 2']","['X', 'Y']","['Omega Ruby', 'Alpha Sapphire']",[],[],"['Lets Go Pikachu', 'Lets Go Eevee']","['Sword', 'Shield']","['Brilliant Diamond', 'Shining Pearl']",[],[],[]
100,Voltorb,,"['Red', 'Green', 'Blue', 'Yellow']","['Fire Red', 'Leaf Green']","['Gold', 'Silver', 'Crystal']","['Ruby', 'Sapphire', 'Emerald']","['Diamond', 'Pearl', 'Platinum']","['Heart Gold', 'Soul Silver']",[],[],"['X', 'Y']","['Omega Ruby', 'Alpha Sapphire']",[],[],"['Lets Go Pikachu', 'Lets Go Eevee']",[],"['Brilliant Diamond', 'Shining Pearl']",[],"['Scarlet', 'Violet']",[]
100,Voltorb,Hisuian,[],[],[],[],[],[],[],[],[],[],[],[],[],[],[],['Legends Arceus'],"['Scarlet', 'Violet']",[]
101,Electrode,,"['Red', 'Green', 'Blue', 'Yellow']","['Fire Red', 'Leaf Green']","['Gold', 'Silver', 'Crystal']","['Ruby', 'Sapphire', 'Emerald']","['Diamond', 'Pearl', 'Platinum']","['Heart Gold', 'Soul Silver']",[],[],"['X', 'Y']","['Omega Ruby', 'Alpha Sapphire']",[],[],"['Lets Go Pikachu', 'Lets Go Eevee']",[],"['Brilliant Diamond', 'Shining Pearl']",[],"['Scarlet', 'Violet']",[]
101,Electrode,Hisuian,[],[],[],[],[],[],[],[],[],[],[],[],[],[],[],['Legends Arceus'],"['Scarlet', 'Violet']",[]
102,Exeggcute,,"['Red', 'Green', 'Blue', 'Yellow']","['Fire Red', 'Leaf Green']","['Gold', 'Silver', 'Crystal']",[],"['Diamond', 'Pearl', 'Platinum']","['Heart Gold', 'Soul Silver']","['Black', 'White']",[],"['X', 'Y']",[],"['Sun', 'Moon']",[],"['Lets Go Pikachu', 'Lets Go Eevee']","['Sword', 'Shield']","['Brilliant Diamond', 'Shining Pearl']",[],"['Scarlet', 'Violet']",[]
103,Exeggutor,,"['Red', 'Green', 'Blue', 'Yellow']","['Fire Red', 'Leaf Green']","['Gold', 'Silver', 'Crystal']",[],"['Diamond', 'Pearl', 'Platinum']","['Heart Gold', 'Soul Silver']","['Black', 'White']",[],"['X', 'Y']",[],[],[],"['Lets Go Pikachu', 'Lets Go Eevee']","['Sword', 'Shield']","['Brilliant Diamond', 'Shining Pearl']",[],"['Scarlet', 'Violet']",[]
103,Exeggutor,Alolan,[],[],[],[],[],[],[],[],[],[],[],[],[],"['Sword', 'Shield']",[],[],"['Scarlet', 'Violet']",[]
104,Cubone,,"['Red', 'Green', 'Blue', 'Yellow']","['Fire Red', 'Leaf Green']","['Gold', 'Silver', 'Crystal']",[],"['Diamond', 'Pearl', 'Platinum']","['Heart Gold', 'Soul Silver']","['Black', 'White']",[],"['X', 'Y']",[],"['Sun', 'Moon']",[],"['Lets Go Pikachu', 'Lets Go Eevee']","['Sword', 'Shield']","['Brilliant Diamond', 'Shining Pearl']",[],[],['Legends ZA']
105,Marowak,,"['Red', 'Green', 'Blue', 'Yellow']","['Fire Red', 'Leaf Green']","['Gold', 'Silver', 'Crystal']",[],"['Diamond', 'Pearl', 'Platinum']","['Heart Gold', 'Soul Silver']","['Black', 'White']",[],"['X', 'Y']",[],[],[],"['Lets Go Pikachu', 'Lets Go Eevee']","['Sword', 'Shield']","['Brilliant Diamond', 'Shining Pearl']",[],[],['Legends ZA']
105,Marowak,Alolan,[],[],[],[],[],[],[],[],[],[],[],[],[],"['Sword', 'Shield']",[],[],[],['Legends ZA']
106,Hitmonlee,,"['Red', 'Green', 'Blue', 'Yellow']","['Fire Red', 'Leaf Green']","['Gold', 'Silver', 'Crystal']",[],"['Diamond', 'Pearl', 'Platinum']","['Heart Gold', 'Soul Silver']","['Black', 'White']",[],"['X', 'Y']","['Omega Ruby', 'Alpha Sapphire']",[],[],"['Lets Go Pikachu', 'Lets Go Eevee']","['Sword', 'Shield']","['Brilliant Diamond', 'Shining Pearl']",[],"['Scarlet', 'Violet']",[]
107,Hitmonchan,,"['Red', 'Green', 'Blue', 'Yellow']","['Fire Red', 'Leaf Green']","['Gold', 'Silver', 'Crystal']",[],"['Diamond', 'Pearl', 'Platinum']","['Heart Gold', 'Soul Silver']","['Black', 'White']",[],"['X', 'Y']","['Omega Ruby', 'Alpha Sapphire']",[],[],"['Lets Go Pikachu', 'Lets Go Eevee']","['Sword', 'Shield']","['Brilliant Diamond', 'Shining Pearl']",[],"['Scarlet', 'Violet']",[]
108,Lickitung,,"['Red', 'Green', 'Blue', 'Yellow']","['Fire Red', 'Leaf Green']","['Gold', 'Silver', 'Crystal']",[],"['Diamond', 'Pearl', 'Platinum']","['Heart Gold', 'Soul Silver']","['Black', 'White']","['Black 2', 'White 2']","['X', 'Y']",[],[],[],"['Lets Go Pikachu', 'Lets Go Eevee']","['Sword', 'Shield']","['Brilliant Diamond', 'Shining Pearl']",['Legends Arceus'],[],[]
109,Koffing,,"['Red', 'Green', 'Blue']","['Fire Red', 'Leaf Green']","['Gold', 'Silver', 'Crystal']","['Ruby', 'Sapphire', 'Emerald']","['Diamond', 'Pearl', 'Platinum']","['Heart Gold', 'Soul Silver']",[],"['Black 2', 'White 2']",[],"['Omega Ruby', 'Alpha Sapphire']",[],[],['Lets Go Eevee'],"['Sword', 'Shield']","['Brilliant Diamond', 'Shining Pearl']",[],"['Scarlet', 'Violet']",[]
110,Weezing,,"['Red', 'Green', 'Blue']","['Fire Red', 'Leaf Green']","['Gold', 'Silver', 'Crystal']","['Ruby', 'Sapphire', 'Emerald']","['Diamond', 'Pearl', 'Platinum']","['Heart Gold', 'Soul Silver']",[],"['Black 2', 'White 2']",[],"['Omega Ruby', 'Alpha Sapphire']",[],[],['Lets Go Eevee'],"['Sword', 'Shield']","['Brilliant Diamond', 'Shining Pearl']",[],"['Scarlet', 'Violet']",[]
110,Weezing,Galarian,[],[],[],[],[],[],[],[],[],[],[],[],[],"['Sword', 'Shield']",[],[],"['Scarlet', 'Violet']",[]
111,Rhyhorn,,"['Red', 'Green', 'Blue', 'Yellow']","['Fire Red', 'Leaf Green']","['Gold', 'Silver', 'Crystal']","['Ruby', 'Sapphire', 'Emerald']","['Diamond', 'Pearl', 'Platinum']","['Heart Gold', 'Soul Silver']",['White'],"['Black 2', 'White 2']","['X', 'Y']","['Omega Ruby', 'Alpha Sapphire']","['Sun', 'Moon']",[],"['Lets Go Pikachu', 'Lets Go Eevee']","['Sword', 'Shield']","['Brilliant Diamond', 'Shining Pearl']",['Legends Arceus'],"['Scarlet', 'Violet']",[]
112,Rhydon,,"['Red', 'Green', 'Blue', 'Yellow']","['Fire Red', 'Leaf Green']","['Gold', 'Silver', 'Crystal']","['Ruby', 'Sapphire', 'Emerald']","['Diamond', 'Pearl', 'Platinum']","['Heart Gold', 'Soul Silver']",['White'],"['Black 2', 'White 2']","['X', 'Y']","['Omega Ruby', 'Alpha Sapphire']","['Sun', 'Moon']",[],"['Lets Go Pikachu', 'Lets Go Eevee']","['Sword', 'Shield']","['Brilliant Diamond', 'Shining Pearl']",['Legends Arceus'],"['Scarlet', 'Violet']",[]
113,Chansey,,"['Red', 'Green', 'Blue', 'Yellow']","['Fire Red', 'Leaf Green']","['Gold', 'Silver', 'Crystal']",[],"['Diamond', 'Pearl', 'Platinum']","['Heart Gold', 'Soul Silver']",['White'],"['Black 2', 'White 2']","['X', 'Y']","['Omega Ruby', 'Alpha Sapphire']","['Sun', 'Moon']",[],"['Lets Go Pikachu', 'Lets Go Eevee']","['Sword', 'Shield']","['Brilliant Diamond', 'Shining Pearl']",['Legends Arceus'],"['Scarlet', 'Violet']",[]
114,Tangela,,"['Red', 'Green', 'Blue', 'Yellow']","['Fire Red', 'Leaf Green']","['Gold', 'Silver', 'Crystal']",[],['Platinum'],"['Heart Gold', 'Soul Silver']","['Black', 'White']","['Black 2', 'White 2']","['X', 'Y']","['Omega Ruby', 'Alpha Sapphire']",[],[],"['Lets Go Pikachu', 'Lets Go Eevee']","['Sword', 'Shield']","['Brilliant Diamond', 'Shining Pearl']",['Legends Arceus'],[],[]
115,Kangaskhan,,"['Red', 'Green', 'Blue', 'Yellow']","['Fire Red', 'Leaf Green']","['Gold', 'Silver', 'Crystal']",[],"['Diamond', 'Pearl', 'Platinum']","['Heart Gold', 'Soul Silver']","['Black', 'White']",[],"['X', 'Y']",[],"['Sun', 'Moon']",[],"['Lets Go Pikachu', 'Lets Go Eevee']","['Sword', 'Shield']","['Brilliant Diamond', 'Shining Pearl']",[],[],['Legends ZA']
116,Horsea,,"['Red', 'Green', 'Blue', 'Yellow']","['Fire Red', 'Leaf Green']","['Gold', 'Silver', 'Crystal']","['Ruby', 'Sapphire', 'Emerald']","['Diamond', 'Pearl', 'Platinum']","['Heart Gold', 'Soul Silver']","['Black', 'White']","['Black 2', 'White 2']","['X', 'Y']","['Omega Ruby', 'Alpha Sapphire']","['Sun', 'Moon']",[],"['Lets Go Pikachu', 'Lets Go Eevee']","['Sword', 'Shield']","['Brilliant Diamond', 'Shining Pearl']",[],"['Scarlet', 'Violet']",[]
117,Seadra,,"['Red', 'Green', 'Blue', 'Yellow']","['Fire Red', 'Leaf Green']","['Gold', 'Silver', 'Crystal']","['Ruby', 'Sapphire', 'Emerald']","['Diamond', 'Pearl', 'Platinum']","['Heart Gold', 'Soul Silver']","['Black', 'White']","['Black 2', 'White 2']","['X', 'Y']","['Omega Ruby', 'Alpha Sapphire']","['Sun', 'Moon']",[],"['Lets Go Pikachu', 'Lets Go Eevee']","['Sword', 'Shield']","['Brilliant Diamond', 'Shining Pearl']",[],"['Scarlet', 'Violet']",[]
118,Goldeen,,"['Red', 'Green', 'Blue', 'Yellow']","['Fire Red', 'Leaf Green']","['Gold', 'Silver', 'Crystal']","['Ruby', 'Sapphire', 'Emerald']","['Diamond', 'Pearl', 'Platinum']","['Heart Gold', 'Soul Silver']","['Black', 'White']","['Black 2', 'White 2']","['X', 'Y']","['Omega Ruby', 'Alpha Sapphire']","['Sun', 'Moon']",[],"['Lets Go Pikachu', 'Lets Go Eevee']","['Sword', 'Shield']","['Brilliant Diamond', 'Shining Pearl']",[],[],[]
119,Seaking,,"['Red', 'Green', 'Blue', 'Yellow']","['Fire Red', 'Leaf Green']","['Gold', 'Silver', 'Crystal']","['Ruby', 'Sapphire', 'Emerald']","['Diamond', 'Pearl', 'Platinum']","['Heart Gold', 'Soul Silver']","['Black', 'White']","['Black 2', 'White 2']","['X', 'Y']","['Omega Ruby', 'Alpha Sapphire']","['Sun', 'Moon']",[],"['Lets Go Pikachu', 'Lets Go Eevee']","['Sword', 'Shield']","['Brilliant Diamond', 'Shining Pearl']",[],[],[]
120,Staryu,,"['Red', 'Green', 'Blue', 'Yellow']",['Leaf Green'],"['Gold', 'Silver', 'Crystal']","['Ruby', 'Sapphire', 'Emerald']","['Diamond', 'Pearl', 'Platinum']","['Heart Gold', 'Soul Silver']","['Black', 'White']","['Black 2', 'White 2']",['X'],"['Omega Ruby', 'Alpha Sapphire']","['Sun', 'Moon']",[],"['Lets Go Pikachu', 'Lets Go Eevee']","['Sword', 'Shield']","['Brilliant Diamond', 'Shining Pearl']",[],[],['Legends ZA']
121,Starmie,,"['Red', 'Green', 'Blue', 'Yellow']",['Leaf Green'],"['Gold', 'Silver', 'Crystal']","['Ruby', 'Sapphire', 'Emerald']","['Diamond', 'Pearl', 'Platinum']","['Heart Gold', 'Soul Silver']","['Black', 'White']","['Black 2', 'White 2']",['X'],"['Omega Ruby', 'Alpha Sapphire']","['Sun', 'Moon']",[],"['Lets Go Pikachu', 'Lets Go Eevee']","['Sword', 'Shield']","['Brilliant Diamond', 'Shining Pearl']",[],[],['Legends ZA']
122,Mr. Mime,,"['Red', 'Green', 'Blue', 'Yellow']","['Fire Red', 'Leaf Green']","['Gold', 'Silver', 'Crystal']",[],"['Diamond', 'Pearl', 'Platinum']","['Heart Gold', 'Soul Silver']",[],['White 2'],"['X', 'Y']",[],[],[],"['Lets Go Pikachu', 'Lets Go Eevee']","['Sword', 'Shield']","['Brilliant Diamond', 'Shining Pearl']",['Legends Arceus'],[],['Legends ZA']
122,Mr. Mime,Galarian,[],[],[],[],[],[],[],[],[],[],[],[],[],"['Sword', 'Shield']",[],[],[],['Legends ZA']
123,Scyther,,"['Red', 'Blue', 'Yellow']",['Fire Red'],"['Gold', 'Silver', 'Crystal']",[],"['Diamond', 'Platinum']","['Heart Gold', 'Soul Silver']",[],[],"['X', 'Y']",[],"['Sun', 'Moon']",[],['Lets Go Pikachu'],"['Sword', 'Shield']",['Brilliant Diamond'],['Legends Arceus'],"['Scarlet', 'Violet']",['Legends ZA']
124,Jynx,,"['Red', 'Green', 'Blue']","['Fire Red', 'Leaf Green']","['Gold', 'Silver', 'Crystal']",[],"['Diamond', 'Pearl', 'Platinum']","['Heart Gold', 'Soul Silver']","['Black', 'White']",[],"['X', 'Y']",[],[],[],"['Lets Go Pikachu', 'Lets Go Eevee']","['Sword', 'Shield']","['Brilliant Diamond', 'Shining Pearl']",[],[],[]
125,Electabuzz,,['Red'],['Fire Red'],"['Gold', 'Silver', 'Crystal']",[],['Platinum'],"['Heart Gold', 'Soul Silver']",['White'],['White 2'],"['X', 'Y']","['Omega Ruby', 'Alpha Sapphire']","['Sun', 'Moon']",[],"['Lets Go Pikachu', 'Lets Go Eevee']","['Sword', 'Shield']",['Brilliant Diamond'],['Legends Arceus'],"['Scarlet', 'Violet']",[]
126,Magmar,,['Green'],['Leaf Green'],"['Gold', 'Silver', 'Crystal']",[],['Platinum'],"['Heart Gold', 'Soul Silver']",['White'],['Black 2'],"['X', 'Y']","['Omega Ruby', 'Alpha Sapphire']","['Sun', 'Moon']",[],"['Lets Go Pikachu', 'Lets Go Eevee']","['Sword', 'Shield']",['Shining Pearl'],['Legends Arceus'],"['Scarlet', 'Violet']",[]
127,Pinsir,,"['Green', 'Blue', 'Yellow']",['Leaf Green'],"['Gold', 'Silver', 'Crystal']","['Ruby', 'Sapphire', 'Emerald']",['Platinum'],"['Heart Gold', 'Soul Silver']","['Black', 'White']","['Black 2', 'White 2']",['X'],"['Omega Ruby', 'Alpha Sapphire']","['Sun', 'Moon']",[],['Lets Go Eevee'],['Sword'],['Shining Pearl'],[],[],['Legends ZA']
128,Tauros,,"['Red', 'Green', 'Blue', 'Yellow']","['Fire Red', 'Leaf Green']","['Gold', 'Silver', 'Crystal']",[],"['Diamond', 'Pearl', 'Platinum']","['Heart Gold', 'Soul Silver']",[],[],"['X', 'Y']",[],"['Sun', 'Moon']",[],"['Lets Go Pikachu', 'Lets Go Eevee']","['Sword', 'Shield']","['Brilliant Diamond', 'Shining Pearl']",[],"['Scarlet', 'Violet']",[]
128,Tauros,Aqua Breed,[],[],[],[],[],[],[],[],[],[],[],[],[],[],[],[],['Violet'],[]
128,Tauros,Blaze Breed,[],[],[],[],[],[],[],[],[],[],[],[],[],[],[],[],['Scarlet'],[]
128,Tauros,Paldean,[],[],[],[],[],[],[],[],[],[],[],[],[],[],[],[],"['Scarlet', 'Violet']",[]
129,Magikarp,,"['Red', 'Green', 'Blue', 'Yellow']","['Fire Red', 'Leaf Green']","['Gold', 'Silver', 'Crystal']","['Ruby', 'Sapphire', 'Emerald']","['Diamond', 'Pearl', 'Platinum']","['Heart Gold', 'Soul Silver']","['Black', 'White']","['Black 2', 'White 2']","['X', 'Y']","['Omega Ruby', 'Alpha Sapphire']","['Sun', 'Moon']",[],"['Lets Go Pikachu', 'Lets Go Eevee']","['Sword', 'Shield']","['Brilliant Diamond', 'Shining Pearl']",['Legends Arceus'],"['Scarlet', 'Violet']",['Legends ZA']
130,Gyarados,,"['Red', 'Green', 'Blue', 'Yellow']","['Fire Red', 'Leaf Green']","['Gold', 'Silver', 'Crystal']","['Ruby', 'Sapphire', 'Emerald']","['Diamond', 'Pearl', 'Platinum']","['Heart Gold', 'Soul Silver']","['Black', 'White']","['Black 2', 'White 2']","['X', 'Y']","['Omega Ruby', 'Alpha Sapphire']","['Sun', 'Moon']",[],"['Lets Go Pikachu', 'Lets Go Eevee']","['Sword', 'Shield']","['Brilliant Diamond', 'Shining Pearl']",['Legends Arceus'],"['Scarlet', 'Violet']",['Legends ZA']
131,Lapras,,"['Red', 'Green', 'Blue', 'Yellow']","['Fire Red', 'Leaf Green']","['Gold', 'Silver', 'Crystal']",[],"['Diamond', 'Pearl', 'Platinum']","['Heart Gold', 'Soul Silver']","['Black', 'White']","['Black 2', 'White 2']","['X', 'Y']",[],"['Sun', 'Moon']",[],"['Lets Go Pikachu', 'Lets Go Eevee']","['Sword', 'Shield']","['Brilliant Diamond', 'Shining Pearl']",[],"['Scarlet', 'Violet']",[]
132,Ditto,,"['Red', 'Green', 'Blue', 'Yellow']","['Fire Red', 'Leaf Green']","['Gold', 'Silver', 'Crystal']",['Emerald'],"['Diamond', 'Pearl', 'Platinum']","['Heart Gold', 'Soul Silver']","['Black', 'White']","['Black 2', 'White 2']","['X', 'Y']","['Omega Ruby', 'Alpha Sapphire']","['Sun', 'Moon']",[],"['Lets Go Pikachu', 'Lets Go Eevee']","['Sword', 'Shield']","['Brilliant Diamond', 'Shining Pearl']",[],"['Scarlet', 'Violet']",[]
133,Eevee,,"['Red', 'Green', 'Blue', 'Yellow']","['Fire Red', 'Leaf Green']","['Gold', 'Silver', 'Crystal']",[],"['Diamond', 'Pearl', 'Platinum']","['Heart Gold', 'Soul Silver']",[],"['Black 2', 'White 2']","['X', 'Y']","['Omega Ruby', 'Alpha Sapphire']","['Sun', 'Moon']",[],"['Lets Go Pikachu', 'Lets Go Eevee']","['Sword', 'Shield']","['Brilliant Diamond', 'Shining Pearl']",['Legends Arceus'],"['Scarlet', 'Violet']",['Legends ZA']
134,Vaporeon,,"['Red', 'Green', 'Blue', 'Yellow']","['Fire Red', 'Leaf Green']","['Gold', 'Silver', 'Crystal']",[],"['Diamond', 'Pearl', 'Platinum']","['Heart Gold', 'Soul Silver']",[],"['Black 2', 'White 2']","['X', 'Y']","['Omega Ruby', 'Alpha Sapphire']","['Sun', 'Moon']",[],"['Lets Go Pikachu', 'Lets Go Eevee']","['Sword', 'Shield']","['Brilliant Diamond', 'Shining Pearl']",['Legends Arceus'],"['Scarlet', 'Violet']",['Legends ZA']
135,Jolteon,,"['Red', 'Green', 'Blue', 'Yellow']","['Fire Red', 'Leaf Green']","['Gold', 'Silver', 'Crystal']",[],"['Diamond', 'Pearl', 'Platinum']","['Heart Gold', 'Soul Silver']",[],"['Black 2', 'White 2']","['X', 'Y']","['Omega Ruby', 'Alpha Sapphire']","['Sun', 'Moon']",[],"['Lets Go Pikachu', 'Lets Go Eevee']","['Sword', 'Shield']","['Brilliant Diamond', 'Shining Pearl']",['Legends Arceus'],"['Scarlet', 'Violet']",['Legends ZA']
136,Flareon,,"['Red', 'Green', 'Blue', 'Yellow']","['Fire Red', 'Leaf Green']","['Gold', 'Silver', 'Crystal']",[],"['Diamond', 'Pearl', 'Platinum']","['Heart Gold', 'Soul Silver']",[],"['Black 2', 'White 2']","['X', 'Y']","['Omega Ruby', 'Alpha Sapphire']","['Sun', 'Moon']",[],"['Lets Go Pikachu', 'Lets Go Eevee']","['Sword', 'Shield']","['Brilliant Diamond', 'Shining Pearl']",['Legends Arceus'],"['Scarlet', 'Violet']",['Legends ZA']
137,Porygon,,"['Red', 'Green', 'Blue', 'Yellow']","['Fire Red', 'Leaf Green']","['Gold', 'Silver', 'Crystal']",[],"['Diamond', 'Pearl', 'Platinum']","['Heart Gold', 'Soul Silver']",['White'],[],[],"['Omega Ruby', 'Alpha Sapphire']","['Sun', 'Moon']",[],"['Lets Go Pikachu', 'Lets Go Eevee']","['Sword', 'Shield']","['Brilliant Diamond', 'Shining Pearl']",['Legends Arceus'],"['Scarlet', 'Violet']",['Legends ZA']
138,Omanyte,,"['Red', 'Green', 'Blue', 'Yellow']","['Fire Red', 'Leaf Green']",[],[],"['Diamond', 'Pearl', 'Platinum']",['Heart Gold'],"['Black', 'White']","['Black 2', 'White 2']",['Y'],['Alpha Sapphire'],[],[],"['Lets Go Pikachu', 'Lets Go Eevee']",['Sword'],"['Brilliant Diamond', 'Shining Pearl']",[],[],[]
139,Omastar,,"['Red', 'Green', 'Blue', 'Yellow']","['Fire Red', 'Leaf Green']",[],[],"['Diamond', 'Pearl', 'Platinum']",['Heart Gold'],"['Black', 'White']","['Black 2', 'White 2']",['Y'],['Alpha Sapphire'],[],[],"['Lets Go Pikachu', 'Lets Go Eevee']",['Sword'],"['Brilliant Diamond', 'Shining Pearl']",[],[],[]
140,Kabuto,,"['Red', 'Green', 'Blue', 'Yellow']","['Fire Red', 'Leaf Green']",[],[],"['Diamond', 'Pearl', 'Platinum']",['Soul Silver'],"['Black', 'White']","['Black 2', 'White 2']",['Y'],['Omega Ruby'],[],[],"['Lets Go Pikachu', 'Lets Go Eevee']","['Sword', 'Shield']","['Brilliant Diamond', 'Shining Pearl']",[],[],[]
141,Kabutops,,"['Red', 'Green', 'Blue', 'Yellow']","['Fire Red', 'Leaf Green']",[],[],"['Diamond', 'Pearl', 'Platinum']",['Soul Silver'],"['Black', 'White']","['Black 2', 'White 2']",['Y'],['Omega Ruby'],[],[],"['Lets Go Pikachu', 'Lets Go Eevee']","['Sword', 'Shield']","['Brilliant Diamond', 'Shining Pearl']",[],[],[]
142,Aerodactyl,,"['Red', 'Green', 'Blue', 'Yellow']","['Fire Red', 'Leaf Green']","['Gold', 'Silver', 'Crystal']",[],"['Diamond', 'Pearl', 'Platinum']","['Heart Gold', 'Soul Silver']","['Black', 'White']","['Black 2', 'White 2']","['X', 'Y']","['Omega Ruby', 'Alpha Sapphire']","['Sun', 'Moon']",[],"['Lets Go Pikachu', 'Lets Go Eevee']","['Sword', 'Shield']","['Brilliant Diamond', 'Shining Pearl']",[],[],['Legends ZA']
143,Snorlax,,"['Red', 'Green', 'Blue', 'Yellow']","['Fire Red', 'Leaf Green']","['Gold', 'Silver', 'Crystal']",[],"['Diamond', 'Pearl', 'Platinum']","['Heart Gold', 'Soul Silver']","['Black', 'White']","['Black 2', 'White 2']","['X', 'Y']",[],"['Sun', 'Moon']",[],"['Lets Go Pikachu', 'Lets Go Eevee']","['Sword', 'Shield']","['Brilliant Diamond', 'Shining Pearl']",['Legends Arceus'],"['Scarlet', 'Violet']",[]
144,Articuno,,"['Red', 'Green', 'Blue', 'Yellow']","['Fire Red', 'Leaf Green']",[],[],['Platinum'],"['Heart Gold', 'Soul Silver']",[],[],"['X', 'Y']",[],[],[],"['Lets Go Pikachu', 'Lets Go Eevee']","['Sword', 'Shield']",['Shining Pearl'],[],"['Scarlet', 'Violet']",[]
144,Articuno,Galarian,[],[],[],[],[],[],[],[],[],[],[],[],[],"['Sword', 'Shield']",[],[],"['Scarlet', 'Violet']",[]
145,Zapdos,,"['Red', 'Green', 'Blue', 'Yellow']","['Fire Red', 'Leaf Green']",[],[],['Platinum'],"['Heart Gold', 'Soul Silver']",[],[],"['X', 'Y']",[],[],[],"['Lets Go Pikachu', 'Lets Go Eevee']","['Sword', 'Shield']",['Shining Pearl'],[],"['Scarlet', 'Violet']",[]
145,Zapdos,Galarian,[],[],[],[],[],[],[],[],[],[],[],[],[],"['Sword', 'Shield']",[],[],"['Scarlet', 'Violet']",[]
146,Moltres,,"['Red', 'Green', 'Blue', 'Yellow']","['Fire Red', 'Leaf Green']",[],[],['Platinum'],"['Heart Gold', 'Soul Silver']",[],[],"['X', 'Y']",[],[],[],"['Lets Go Pikachu', 'Lets Go Eevee']","['Sword', 'Shield']",['Shining Pearl'],[],"['Scarlet', 'Violet']",[]
146,Moltres,Galarian,[],[],[],[],[],[],[],[],[],[],[],[],[],"['Sword', 'Shield']",[],[],"['Scarlet', 'Violet']",[]
147,Dratini,,"['Red', 'Green', 'Blue', 'Yellow']","['Fire Red', 'Leaf Green']","['Gold', 'Silver', 'Crystal']",[],"['Diamond', 'Pearl', 'Platinum']","['Heart Gold', 'Soul Silver']","['Black', 'White']","['Black 2', 'White 2']","['X', 'Y']",[],"['Sun', 'Moon']",[],"['Lets Go Pikachu', 'Lets Go Eevee']","['Sword', 'Shield']","['Brilliant Diamond', 'Shining Pearl']",[],"['Scarlet', 'Violet']",['Legends ZA']
148,Dragonair,,"['Red', 'Green', 'Blue', 'Yellow']","['Fire Red', 'Leaf Green']","['Gold', 'Silver', 'Crystal']",[],"['Diamond', 'Pearl', 'Platinum']","['Heart Gold', 'Soul Silver']","['Black', 'White']","['Black 2', 'White 2']","['X', 'Y']",[],"['Sun', 'Moon']",[],"['Lets Go Pikachu', 'Lets Go Eevee']","['Sword', 'Shield']","['Brilliant Diamond', 'Shining Pearl']",[],"['Scarlet', 'Violet']",['Legends ZA']
149,Dragonite,,"['Red', 'Green', 'Blue', 'Yellow']","['Fire Red', 'Leaf Green']","['Gold', 'Silver', 'Crystal']",[],"['Diamond', 'Pearl', 'Platinum']","['Heart Gold', 'Soul Silver']","['Black', 'White']","['Black 2', 'White 2']","['X', 'Y']",[],"['Sun', 'Moon']",[],"['Lets Go Pikachu', 'Lets Go Eevee']","['Sword', 'Shield']","['Brilliant Diamond', 'Shining Pearl']",[],"['Scarlet', 'Violet']",['Legends ZA']
150,Mewtwo,,"['Red', 'Green', 'Blue', 'Yellow']","['Fire Red', 'Leaf Green']",[],[],[],"['Heart Gold', 'Soul Silver']",[],[],"['X', 'Y']","['Omega Ruby', 'Alpha Sapphire']",[],[],"['Lets Go Pikachu', 'Lets Go Eevee']","['Sword', 'Shield']","['Brilliant Diamond', 'Shining Pearl']",[],"['Scarlet', 'Violet']",['Legends ZA']
151,Mew,,"['Red', 'Green', 'Blue', 'Yellow']",[],[],[],[],"['Heart Gold', 'Soul Silver']",[],[],"['X', 'Y']","['Omega Ruby', 'Alpha Sapphire']","['Sun', 'Moon']",[],"['Lets Go Pikachu', 'Lets Go Eevee']","['Sword', 'Shield']","['Brilliant Diamond', 'Shining Pearl']",[],"['Scarlet', 'Violet']",[]
152,Chikorita,,[],[],"['Gold', 'Silver', 'Crystal']","['Ruby', 'Sapphire', 'Emerald']",[],"['Heart Gold', 'Soul Silver']",[],[],[],"['Omega Ruby', 'Alpha Sapphire']","['Sun', 'Moon']",[],[],[],"['Brilliant Diamond', 'Shining Pearl']",[],"['Scarlet', 'Violet']",['Legends ZA']
153,Bayleef,,[],[],"['Gold', 'Silver', 'Crystal']","['Ruby', 'Sapphire', 'Emerald']",[],"['Heart Gold', 'Soul Silver']",[],[],[],"['Omega Ruby', 'Alpha Sapphire']","['Sun', 'Moon']",[],[],[],"['Brilliant Diamond', 'Shining Pearl']",[],"['Scarlet', 'Violet']",['Legends ZA']
154,Meganium,,[],[],"['Gold', 'Silver', 'Crystal']","['Ruby', 'Sapphire', 'Emerald']",[],"['Heart Gold', 'Soul Silver']",[],[],[],"['Omega Ruby', 'Alpha Sapphire']","['Sun', 'Moon']",[],[],[],"['Brilliant Diamond', 'Shining Pearl']",[],"['Scarlet', 'Violet']",['Legends ZA']
155,Cyndaquil,,[],[],"['Gold', 'Silver', 'Crystal']","['Ruby', 'Sapphire', 'Emerald']",[],"['Heart Gold', 'Soul Silver']",[],[],[],"['Omega Ruby', 'Alpha Sapphire']","['Sun', 'Moon']",[],[],[],"['Brilliant Diamond', 'Shining Pearl']",['Legends Arceus'],"['Scarlet', 'Violet']",[]
156,Quilava,,[],[],"['Gold', 'Silver', 'Crystal']","['Ruby', 'Sapphire', 'Emerald']",[],"['Heart Gold', 'Soul Silver']",[],[],[],"['Omega Ruby', 'Alpha Sapphire']","['Sun', 'Moon']",[],[],[],"['Brilliant Diamond', 'Shining Pearl']",['Legends Arceus'],"['Scarlet', 'Violet']",[]
157,Typhlosion,,[],[],"['Gold', 'Silver', 'Crystal']","['Ruby', 'Sapphire', 'Emerald']",[],"['Heart Gold', 'Soul Silver']",[],[],[],"['Omega Ruby', 'Alpha Sapphire']","['Sun', 'Moon']",[],[],[],"['Brilliant Diamond', 'Shining Pearl']",[],"['Scarlet', 'Violet']",[]
157,Typhlosion,Hisuian,[],[],[],[],[],[],[],[],[],[],[],[],[],[],[],['Legends Arceus'],"['Scarlet', 'Violet']",[]
158,Totodile,,[],[],"['Gold', 'Silver', 'Crystal']","['Ruby', 'Sapphire', 'Emerald']",[],"['Heart Gold', 'Soul Silver']",[],[],[],"['Omega Ruby', 'Alpha Sapphire']","['Sun', 'Moon']",[],[],[],"['Brilliant Diamond', 'Shining Pearl']",[],"['Scarlet', 'Violet']",['Legends ZA']
159,Croconaw,,[],[],"['Gold', 'Silver', 'Crystal']","['Ruby', 'Sapphire', 'Emerald']",[],"['Heart Gold', 'Soul Silver']",[],[],[],"['Omega Ruby', 'Alpha Sapphire']","['Sun', 'Moon']",[],[],[],"['Brilliant Diamond', 'Shining Pearl']",[],"['Scarlet', 'Violet']",['Legends ZA']
160,Feraligatr,,[],[],"['Gold', 'Silver', 'Crystal']","['Ruby', 'Sapphire', 'Emerald']",[],"['Heart Gold', 'Soul Silver']",[],[],[],"['Omega Ruby', 'Alpha Sapphire']","['Sun', 'Moon']",[],[],[],"['Brilliant Diamond', 'Shining Pearl']",[],"['Scarlet', 'Violet']",['Legends ZA']
161,Sentret,,[],"['Fire Red', 'Leaf Green']","['Gold', 'Silver', 'Crystal']",[],"['Diamond', 'Pearl', 'Platinum']","['Heart Gold', 'Soul Silver']","['Black', 'White']","['Black 2', 'White 2']","['X', 'Y']",[],[],[],[],[],"['Brilliant Diamond', 'Shining Pearl']",[],"['Scarlet', 'Violet']",[]
162,Furret,,[],"['Fire Red', 'Leaf Green']","['Gold', 'Silver', 'Crystal']",[],"['Diamond', 'Pearl', 'Platinum']","['Heart Gold', 'Soul Silver']","['Black', 'White']","['Black 2', 'White 2']","['X', 'Y']",[],[],[],[],[],"['Brilliant Diamond', 'Shining Pearl']",[],"['Scarlet', 'Violet']",[]
163,Hoothoot,,[],[],"['Gold', 'Silver', 'Crystal']",['Emerald'],"['Diamond', 'Pearl', 'Platinum']","['Heart Gold', 'Soul Silver']","['Black', 'White']","['Black 2', 'White 2']","['X', 'Y']",[],[],[],[],"['Sword', 'Shield']","['Brilliant Diamond', 'Shining Pearl']",[],"['Scarlet', 'Violet']",[]
164,Noctowl,,[],[],"['Gold', 'Silver', 'Crystal']",['Emerald'],"['Diamond', 'Pearl', 'Platinum']","['Heart Gold', 'Soul Silver']","['Black', 'White']","['Black 2', 'White 2']","['X', 'Y']",[],[],[],[],"['Sword', 'Shield']","['Brilliant Diamond', 'Shining Pearl']",[],"['Scarlet', 'Violet']",[]
165,Ledyba,,[],"['Fire Red', 'Leaf Green']","['Silver', 'Crystal']",['Emerald'],"['Diamond', 'Pearl', 'Platinum']",['Soul Silver'],"['Black', 'White']",['White 2'],"['X', 'Y']",[],"['Sun', 'Moon']",[],[],[],"['Brilliant Diamond', 'Shining Pearl']",[],[],[]
166,Ledian,,[],"['Fire Red', 'Leaf Green']","['Silver', 'Crystal']",['Emerald'],"['Diamond', 'Pearl', 'Platinum']",['Soul Silver'],"['Black', 'White']",['White 2'],"['X', 'Y']",[],"['Sun', 'Moon']",[],[],[],"['Brilliant Diamond', 'Shining Pearl']",[],[],[]
167,Spinarak,,[],"['Fire Red', 'Leaf Green']","['Gold', 'Crystal']",['Emerald'],"['Diamond', 'Pearl', 'Platinum']",['Heart Gold'],"['Black', 'White']",['Black 2'],"['X', 'Y']","['Omega Ruby', 'Alpha Sapphire']","['Sun', 'Moon']",[],[],[],"['Brilliant Diamond', 'Shining Pearl']",[],"['Scarlet', 'Violet']",['Legends ZA']
168,Ariados,,[],"['Fire Red', 'Leaf Green']","['Gold', 'Crystal']",['Emerald'],"['Diamond', 'Pearl', 'Platinum']",['Heart Gold'],"['Black', 'White']",['Black 2'],"['X', 'Y']","['Omega Ruby', 'Alpha Sapphire']","['Sun', 'Moon']",[],[],[],"['Brilliant Diamond', 'Shining Pearl']",[],"['Scarlet', 'Violet']",['Legends ZA']
169,Crobat,,[],"['Fire Red', 'Leaf Green']","['Gold', 'Silver', 'Crystal']","['Ruby', 'Sapphire', 'Emerald']","['Diamond', 'Pearl', 'Platinum']","['Heart Gold', 'Soul Silver']","['Black', 'White']","['Black 2', 'White 2']","['X', 'Y']","['Omega Ruby', 'Alpha Sapphire']","['Sun', 'Moon']",[],[],"['Sword', 'Shield']","['Brilliant Diamond', 'Shining Pearl']",['Legends Arceus'],[],['Legends ZA']
170,Chinchou,,[],[],"['Gold', 'Silver', 'Crystal']","['Ruby', 'Sapphire', 'Emerald']","['Diamond', 'Pearl', 'Platinum']","['Heart Gold', 'Soul Silver']","['Black', 'White']","['Black 2', 'White 2']","['X', 'Y']","['Omega Ruby', 'Alpha Sapphire']","['Sun', 'Moon']",[],[],"['Sword', 'Shield']","['Brilliant Diamond', 'Shining Pearl']",[],"['Scarlet', 'Violet']",[]
171,Lanturn,,[],[],"['Gold', 'Silver', 'Crystal']","['Ruby', 'Sapphire', 'Emerald']","['Diamond', 'Pearl', 'Platinum']","['Heart Gold', 'Soul Silver']","['Black', 'White']","['Black 2', 'White 2']","['X', 'Y']","['Omega Ruby', 'Alpha Sapphire']","['Sun', 'Moon']",[],[],"['Sword', 'Shield']","['Brilliant Diamond', 'Shining Pearl']",[],"['Scarlet', 'Violet']",[]
172,Cleffa,,[],[],[],[],[],[],[],[],[],[],[],[],[],"['Sword', 'Shield']",[],[],[],[]
172,Pichu,,[],"['Fire Red', 'Leaf Green']","['Gold', 'Silver', 'Crystal']","['Ruby', 'Sapphire', 'Emerald']","['Diamond', 'Pearl', 'Platinum']","['Heart Gold', 'Soul Silver']",[],[],"['X', 'Y']","['Omega Ruby', 'Alpha Sapphire']","['Sun', 'Moon']",[],[],"['Sword', 'Shield']","['Brilliant Diamond', 'Shining Pearl']",['Legends Arceus'],"['Scarlet', 'Violet']",['Legends ZA']
173,Cleffa,,[],"['Fire Red', 'Leaf Green']","['Gold', 'Silver', 'Crystal']",[],"['Diamond', 'Pearl', 'Platinum']","['Heart Gold', 'Soul Silver']","['Black', 'White']","['Black 2', 'White 2']","['X', 'Y']","['Omega Ruby', 'Alpha Sapphire']","['Sun', 'Moon']",[],[],[],"['Brilliant Diamond', 'Shining Pearl']",['Legends Arceus'],"['Scarlet', 'Violet']",['Legends ZA']
174,Igglybuff,,[],"['Fire Red', 'Leaf Green']","['Gold', 'Silver', 'Crystal']","['Ruby', 'Sapphire', 'Emerald']","['Diamond', 'Pearl', 'Platinum']","['Heart Gold', 'Soul Silver']","['Black', 'White']","['Black 2', 'White 2']","['X', 'Y']","['Omega Ruby', 'Alpha Sapphire']","['Sun', 'Moon']",[],[],"['Sword', 'Shield']","['Brilliant Diamond', 'Shining Pearl']",[],"['Scarlet', 'Violet']",['Legends ZA']
175,Togepi,,[],"['Fire Red', 'Leaf Green']","['Gold', 'Silver', 'Crystal']",[],"['Diamond', 'Pearl', 'Platinum']","['Heart Gold', 'Soul Silver']",['White'],"['Black 2', 'White 2']","['X', 'Y']","['Omega Ruby', 'Alpha Sapphire']","['Sun', 'Moon']",[],[],"['Sword', 'Shield']","['Brilliant Diamond', 'Shining Pearl']",['Legends Arceus'],[],[]
176,Togetic,,[],"['Fire Red', 'Leaf Green']","['Gold', 'Silver', 'Crystal']",[],"['Diamond', 'Pearl', 'Platinum']","['Heart Gold', 'Soul Silver']",['White'],"['Black 2', 'White 2']","['X', 'Y']","['Omega Ruby', 'Alpha Sapphire']","['Sun', 'Moon']",[],[],"['Sword', 'Shield']","['Brilliant Diamond', 'Shining Pearl']",['Legends Arceus'],[],[]
177,Natu,,[],"['Fire Red', 'Leaf Green']","['Gold', 'Silver', 'Crystal']","['Ruby', 'Sapphire', 'Emerald']","['Diamond', 'Pearl', 'Platinum']","['Heart Gold', 'Soul Silver']",[],"['Black 2', 'White 2']","['X', 'Y']","['Omega Ruby', 'Alpha Sapphire']",[],[],[],"['Sword', 'Shield']","['Brilliant Diamond', 'Shining Pearl']",[],[],[]
178,Xatu,,[],"['Fire Red', 'Leaf Green']","['Gold', 'Silver', 'Crystal']","['Ruby', 'Sapphire', 'Emerald']","['Diamond', 'Pearl', 'Platinum']","['Heart Gold', 'Soul Silver']",[],"['Black 2', 'White 2']","['X', 'Y']","['Omega Ruby', 'Alpha Sapphire']",[],[],[],"['Sword', 'Shield']","['Brilliant Diamond', 'Shining Pearl']",[],[],[]
179,Mareep,,[],[],"['Gold', 'Silver']",['Emerald'],"['Diamond', 'Pearl', 'Platinum']","['Heart Gold', 'Soul Silver']",['White'],"['Black 2', 'White 2']","['X', 'Y']",[],[],[],[],[],"['Brilliant Diamond', 'Shining Pearl']",[],"['Scarlet', 'Violet']",['Legends ZA']
180,Flaaffy,,[],[],"['Gold', 'Silver']",['Emerald'],"['Diamond', 'Pearl', 'Platinum']","['Heart Gold', 'Soul Silver']",['White'],"['Black 2', 'White 2']","['X', 'Y']",[],[],[],[],[],"['Brilliant Diamond', 'Shining Pearl']",[],"['Scarlet', 'Violet']",['Legends ZA']
181,Ampharos,,[],[],"['Gold', 'Silver']",['Emerald'],"['Diamond', 'Pearl', 'Platinum']","['Heart Gold', 'Soul Silver']",['White'],"['Black 2', 'White 2']","['X', 'Y']",[],[],[],[],[],"['Brilliant Diamond', 'Shining Pearl']",[],"['Scarlet', 'Violet']",['Legends ZA']
182,Bellossom,,[],['Fire Red'],"['Gold', 'Silver', 'Crystal']","['Ruby', 'Sapphire', 'Emerald']","['Diamond', 'Pearl', 'Platinum']","['Heart Gold', 'Soul Silver']",['White'],[],"['X', 'Y']","['Omega Ruby', 'Alpha Sapphire']",[],[],[],"['Sword', 'Shield']","['Brilliant Diamond', 'Shining Pearl']",[],"['Scarlet', 'Violet']",[]
183,Marill,,[],['Leaf Green'],"['Gold', 'Silver', 'Crystal']","['Ruby', 'Sapphire', 'Emerald']","['Diamond', 'Pearl', 'Platinum']","['Heart Gold', 'Soul Silver']",['White'],"['Black 2', 'White 2']","['X', 'Y']","['Omega Ruby', 'Alpha Sapphire']","['Sun', 'Moon']",[],[],"['Sword', 'Shield']","['Brilliant Diamond', 'Shining Pearl']",[],"['Scarlet', 'Violet']",[]
184,Azumarill,,[],['Leaf Green'],"['Gold', 'Silver', 'Crystal']","['Ruby', 'Sapphire', 'Emerald']","['Diamond', 'Pearl', 'Platinum']","['Heart Gold', 'Soul Silver']",['White'],"['Black 2', 'White 2']","['X', 'Y']","['Omega Ruby', 'Alpha Sapphire']","['Sun', 'Moon']",[],[],"['Sword', 'Shield']","['Brilliant Diamond', 'Shining Pearl']",[],"['Scarlet', 'Violet']",[]
185,Sudowoodo,,[],[],"['Gold', 'Silver', 'Crystal']",['Emerald'],"['Diamond', 'Pearl', 'Platinum']","['Heart Gold', 'Soul Silver']",[],['Black 2'],"['X', 'Y']",[],"['Sun', 'Moon']",[],[],"['Sword', 'Shield']","['Brilliant Diamond', 'Shining Pearl']",['Legends Arceus'],"['Scarlet', 'Violet']",[]
186,Politoed,,[],"['Fire Red', 'Leaf Green']","['Gold', 'Silver', 'Crystal']",[],"['Diamond', 'Pearl', 'Platinum']","['Heart Gold', 'Soul Silver']","['Black', 'White']","['Black 2', 'White 2']","['X', 'Y']",[],"['Sun', 'Moon']",[],[],"['Sword', 'Shield']","['Brilliant Diamond', 'Shining Pearl']",[],"['Scarlet', 'Violet']",[]
187,Hoppip,,[],"['Fire Red', 'Leaf Green']","['Gold', 'Silver', 'Crystal']",[],"['Diamond', 'Pearl', 'Platinum']","['Heart Gold', 'Soul Silver']",['White'],"['Black 2', 'White 2']","['X', 'Y']",[],[],[],[],[],"['Brilliant Diamond', 'Shining Pearl']",[],"['Scarlet', 'Violet']",[]
188,Skiploom,,[],"['Fire Red', 'Leaf Green']","['Gold', 'Silver', 'Crystal']",[],"['Diamond', 'Pearl', 'Platinum']","['Heart Gold', 'Soul Silver']",['White'],"['Black 2', 'White 2']","['X', 'Y']",[],[],[],[],[],"['Brilliant Diamond', 'Shining Pearl']",[],"['Scarlet', 'Violet']",[]
189,Jumpluff,,[],"['Fire Red', 'Leaf Green']","['Gold', 'Silver', 'Crystal']",[],"['Diamond', 'Pearl', 'Platinum']","['Heart Gold', 'Soul Silver']",['White'],"['Black 2', 'White 2']","['X', 'Y']",[],[],[],[],[],"['Brilliant Diamond', 'Shining Pearl']",[],"['Scarlet', 'Violet']",[]
190,Aipom,,[],[],"['Gold', 'Silver', 'Crystal']",['Emerald'],"['Diamond', 'Pearl', 'Platinum']","['Heart Gold', 'Soul Silver']",[],"['Black 2', 'White 2']","['X', 'Y']","['Omega Ruby', 'Alpha Sapphire']",[],[],[],[],"['Brilliant Diamond', 'Shining Pearl']",['Legends Arceus'],['Violet'],[]
191,Sunkern,,[],[],"['Gold', 'Silver', 'Crystal']",['Emerald'],"['Diamond', 'Pearl', 'Platinum']","['Heart Gold', 'Soul Silver']","['Black', 'White']","['Black 2', 'White 2']","['X', 'Y']","['Omega Ruby', 'Alpha Sapphire']",[],[],[],[],"['Brilliant Diamond', 'Shining Pearl']",[],"['Scarlet', 'Violet']",[]
192,Sunflora,,[],[],"['Gold', 'Silver', 'Crystal']",['Emerald'],"['Diamond', 'Pearl', 'Platinum']","['Heart Gold', 'Soul Silver']","['Black', 'White']","['Black 2', 'White 2']","['X', 'Y']","['Omega Ruby', 'Alpha Sapphire']",[],[],[],[],"['Brilliant Diamond', 'Shining Pearl']",[],"['Scarlet', 'Violet']",[]
193,Yanma,,[],"['Fire Red', 'Leaf Green']","['Gold', 'Silver', 'Crystal']",[],"['Diamond', 'Pearl', 'Platinum']","['Heart Gold', 'Soul Silver']","['Black', 'White']","['Black 2', 'White 2']","['X', 'Y']",[],[],[],[],[],"['Brilliant Diamond', 'Shining Pearl']",['Legends Arceus'],"['Scarlet', 'Violet']",[]
194,Wooper,,[],['Fire Red'],"['Gold', 'Silver', 'Crystal']",['Emerald'],"['Diamond', 'Pearl', 'Platinum']","['Heart Gold', 'Soul Silver']",['White'],"['Black 2', 'White 2']","['X', 'Y']",[],[],[],[],"['Sword', 'Shield']","['Brilliant Diamond', 'Shining Pearl']",[],"['Scarlet', 'Violet']",[]
194,Wooper,Paldean,[],[],[],[],[],[],[],[],[],[],[],[],[],[],[],[],"['Scarlet', 'Violet']",[]
195,Quagsire,,[],['Fire Red'],"['Gold', 'Silver', 'Crystal']",['Emerald'],"['Diamond', 'Pearl', 'Platinum']","['Heart Gold', 'Soul Silver']",['White'],"['Black 2', 'White 2']","['X', 'Y']",[],[],[],[],"['Sword', 'Shield']","['Brilliant Diamond', 'Shining Pearl']",[],"['Scarlet', 'Violet']",[]
196,Espeon,,[],[],"['Gold', 'Silver', 'Crystal']",[],"['Diamond', 'Pearl', 'Platinum']","['Heart Gold', 'Soul Silver']",[],"['Black 2', 'White 2']","['X', 'Y']","['Omega Ruby', 'Alpha Sapphire']","['Sun', 'Moon']",[],[],"['Sword', 'Shield']","['Brilliant Diamond', 'Shining Pearl']",['Legends Arceus'],"['Scarlet', 'Violet']",['Legends ZA']
197,Umbreon,,[],[],"['Gold', 'Silver', 'Crystal']",[],"['Diamond', 'Pearl', 'Platinum']","['Heart Gold', 'Soul Silver']",[],"['Black 2', 'White 2']","['X', 'Y']","['Omega Ruby', 'Alpha Sapphire']","['Sun', 'Moon']",[],[],"['Sword', 'Shield']","['Brilliant Diamond', 'Shining Pearl']",['Legends Arceus'],"['Scarlet', 'Violet']",['Legends ZA']
198,Murkrow,,[],['Fire Red'],"['Gold', 'Silver', 'Crystal']",[],['Diamond'],"['Heart Gold', 'Soul Silver']",['Black'],"['Black 2', 'White 2']","['X', 'Y']","['Omega Ruby', 'Alpha Sapphire']","['Sun', 'Moon']",[],[],[],['Brilliant Diamond'],['Legends Arceus'],"['Scarlet', 'Violet']",[]
199,Slowking,,[],"['Fire Red', 'Leaf Green']","['Gold', 'Silver', 'Crystal']",[],"['Diamond', 'Pearl', 'Platinum']","['Heart Gold', 'Soul Silver']","['Black', 'White']","['Black 2', 'White 2']","['X', 'Y']","['Omega Ruby', 'Alpha Sapphire']","['Sun', 'Moon']",[],[],"['Sword', 'Shield']","['Brilliant Diamond', 'Shining Pearl']",[],"['Scarlet', 'Violet']",['Legends ZA']
199,Slowking,Galarian,[],[],[],[],[],[],[],[],[],[],[],[],[],"['Sword', 'Shield']",[],[],"['Scarlet', 'Violet']",['Legends ZA']
200,Misdreavus,,[],['Leaf Green'],"['Gold', 'Silver', 'Crystal']",[],"['Diamond', 'Pearl', 'Platinum']","['Heart Gold', 'Soul Silver']",['White'],[],[],"['Omega Ruby', 'Alpha Sapphire']","['Sun', 'Moon']",[],[],[],['Shining Pearl'],['Legends Arceus'],['Violet'],[]
201,Unown,,[],"['Fire Red', 'Leaf Green']","['Gold', 'Silver', 'Crystal']",[],"['Diamond', 'Pearl', 'Platinum']","['Heart Gold', 'Soul Silver']",[],[],[],"['Omega Ruby', 'Alpha Sapphire']",[],[],[],[],"['Brilliant Diamond', 'Shining Pearl']",['Legends Arceus'],[],[]
202,Wobbuffet,,[],"['Fire Red', 'Leaf Green']","['Gold', 'Silver', 'Crystal']","['Ruby', 'Sapphire', 'Emerald']","['Diamond', 'Pearl', 'Platinum']","['Heart Gold', 'Soul Silver']","['Black', 'White']","['Black 2', 'White 2']","['X', 'Y']","['Omega Ruby', 'Alpha Sapphire']",[],[],[],"['Sword', 'Shield']","['Brilliant Diamond', 'Shining Pearl']",[],[],[]
203,Girafarig,,[],[],"['Gold', 'Silver']","['Ruby', 'Sapphire', 'Emerald']","['Diamond', 'Pearl', 'Platinum']","['Heart Gold', 'Soul Silver']",[],"['Black 2', 'White 2']","['X', 'Y']","['Omega Ruby', 'Alpha Sapphire']",[],[],[],[],"['Brilliant Diamond', 'Shining Pearl']",[],"['Scarlet', 'Violet']",[]
204,Pineco,,[],[],"['Gold', 'Silver', 'Crystal']",['Emerald'],"['Diamond', 'Pearl', 'Platinum']","['Heart Gold', 'Soul Silver']","['Black', 'White']","['Black 2', 'White 2']","['X', 'Y']","['Omega Ruby', 'Alpha Sapphire']",[],[],[],[],"['Brilliant Diamond', 'Shining Pearl']",[],"['Scarlet', 'Violet']",[]
205,Forretress,,[],[],"['Gold', 'Silver', 'Crystal']",['Emerald'],"['Diamond', 'Pearl', 'Platinum']","['Heart Gold', 'Soul Silver']","['Black', 'White']","['Black 2', 'White 2']","['X', 'Y']","['Omega Ruby', 'Alpha Sapphire']",[],[],[],[],"['Brilliant Diamond', 'Shining Pearl']",[],"['Scarlet', 'Violet']",[]
206,Dunsparce,,[],"['Fire Red', 'Leaf Green']","['Gold', 'Silver', 'Crystal']",[],"['Diamond', 'Pearl', 'Platinum']","['Heart Gold', 'Soul Silver']","['Black', 'White']","['Black 2', 'White 2']","['X', 'Y']",[],[],[],[],"['Sword', 'Shield']","['Brilliant Diamond', 'Shining Pearl']",[],"['Scarlet', 'Violet']",[]
207,Gligar,,[],[],"['Gold', 'Crystal']",['Emerald'],['Platinum'],['Heart Gold'],"['Black', 'White']","['Black 2', 'White 2']","['X', 'Y']",[],[],[],[],[],['Brilliant Diamond'],['Legends Arceus'],['Scarlet'],[]
208,Steelix,,[],"['Fire Red', 'Leaf Green']","['Gold', 'Silver', 'Crystal']",[],"['Diamond', 'Pearl', 'Platinum']","['Heart Gold', 'Soul Silver']","['Black', 'White']","['Black 2', 'White 2']","['X', 'Y']","['Omega Ruby', 'Alpha Sapphire']",[],[],[],"['Sword', 'Shield']","['Brilliant Diamond', 'Shining Pearl']",['Legends Arceus'],[],['Legends ZA']
209,Snubbull,,[],[],"['Gold', 'Silver', 'Crystal']",['Emerald'],"['Diamond', 'Pearl', 'Platinum']","['Heart Gold', 'Soul Silver']",[],"['Black 2', 'White 2']","['X', 'Y']",[],"['Sun', 'Moon']",[],[],[],"['Brilliant Diamond', 'Shining Pearl']",[],"['Scarlet', 'Violet']",[]
210,Granbull,,[],[],"['Gold', 'Silver', 'Crystal']",['Emerald'],"['Diamond', 'Pearl', 'Platinum']","['Heart Gold', 'Soul Silver']",[],"['Black 2', 'White 2']","['X', 'Y']",[],"['Sun', 'Moon']",[],[],[],"['Brilliant Diamond', 'Shining Pearl']",[],"['Scarlet', 'Violet']",[]
211,Qwilfish,,[],['Fire Red'],"['Gold', 'Silver', 'Crystal']",[],"['Diamond', 'Pearl', 'Platinum']","['Heart Gold', 'Soul Silver']","['Black', 'White']","['Black 2', 'White 2']","['X', 'Y']",[],[],[],[],"['Sword', 'Shield']","['Brilliant Diamond', 'Shining Pearl']",[],"['Scarlet', 'Violet']",['Legends ZA']
211,Qwilfish,Hisuian,[],[],[],[],[],[],[],[],[],[],[],[],[],[],[],['Legends Arceus'],"['Scarlet', 'Violet']",['Legends ZA']
212,Scizor,,[],"['Fire Red', 'Leaf Green']","['Gold', 'Silver', 'Crystal']",[],"['Diamond', 'Pearl', 'Platinum']","['Heart Gold', 'Soul Silver']",[],[],"['X', 'Y']",[],"['Sun', 'Moon']",[],[],"['Sword', 'Shield']","['Brilliant Diamond', 'Shining Pearl']",['Legends Arceus'],"['Scarlet', 'Violet']",['Legends ZA']
213,Shuckle,,[],[],"['Gold', 'Silver', 'Crystal']",['Emerald'],"['Diamond', 'Pearl', 'Platinum']","['Heart Gold', 'Soul Silver']","['Black', 'White']","['Black 2', 'White 2']","['X', 'Y']",[],[],[],[],"['Sword', 'Shield']","['Brilliant Diamond', 'Shining Pearl']",[],[],[]
214,Heracross,,[],"['Fire Red', 'Leaf Green']","['Gold', 'Silver', 'Crystal']","['Ruby', 'Sapphire', 'Emerald']","['Diamond', 'Pearl', 'Platinum']","['Heart Gold', 'Soul Silver']","['Black', 'White']","['Black 2', 'White 2']",['Y'],"['Omega Ruby', 'Alpha Sapphire']",[],[],[],"['Sword', 'Shield']","['Brilliant Diamond', 'Shining Pearl']",['Legends Arceus'],"['Scarlet', 'Violet']",['Legends ZA']
215,Sneasel,,[],['Leaf Green'],"['Gold', 'Silver', 'Crystal']",[],"['Diamond', 'Pearl', 'Platinum']","['Heart Gold', 'Soul Silver']","['Black', 'White']","['Black 2', 'White 2']","['X', 'Y']",[],"['Sun', 'Moon']",[],[],"['Sword', 'Shield']","['Brilliant Diamond', 'Shining Pearl']",['Legends Arceus'],"['Scarlet', 'Violet']",[]
215,Sneasel,Hisuian,[],[],[],[],[],[],[],[],[],[],[],[],[],[],[],['Legends Arceus'],"['Scarlet', 'Violet']",[]
216,Teddiursa,,[],[],"['Gold', 'Crystal']",['Emerald'],"['Diamond', 'Pearl', 'Platinum']",['Soul Silver'],[],"['Black 2', 'White 2']","['X', 'Y']",[],[],[],[],[],['Shining Pearl'],['Legends Arceus'],"['Scarlet', 'Violet']",[]
217,Ursaring,,[],[],"['Gold', 'Crystal']",['Emerald'],"['Diamond', 'Pearl', 'Platinum']",['Soul Silver'],[],"['Black 2', 'White 2']","['X', 'Y']",[],[],[],[],[],['Shining Pearl'],['Legends Arceus'],"['Scarlet', 'Violet']",[]
218,Slugma,,[],"['Fire Red', 'Leaf Green']","['Gold', 'Silver', 'Crystal']","['Ruby', 'Sapphire', 'Emerald']","['Diamond', 'Pearl', 'Platinum']","['Heart Gold', 'Soul Silver']",[],[],"['X', 'Y']","['Omega Ruby', 'Alpha Sapphire']",[],[],[],[],"['Brilliant Diamond', 'Shining Pearl']",[],"['Scarlet', 'Violet']",[]
219,Magcargo,,[],"['Fire Red', 'Leaf Green']","['Gold', 'Silver', 'Crystal']","['Ruby', 'Sapphire', 'Emerald']","['Diamond', 'Pearl', 'Platinum']","['Heart Gold', 'Soul Silver']",[],[],"['X', 'Y']","['Omega Ruby', 'Alpha Sapphire']",[],[],[],[],"['Brilliant Diamond', 'Shining Pearl']",[],"['Scarlet', 'Violet']",[]
220,Swinub,,[],"['Fire Red', 'Leaf Green']","['Gold', 'Silver', 'Crystal']",[],"['Diamond', 'Pearl', 'Platinum']","['Heart Gold', 'Soul Silver']","['Black', 'White']","['Black 2', 'White 2']","['X', 'Y']",[],"['Sun', 'Moon']",[],[],"['Sword', 'Shield']","['Brilliant Diamond', 'Shining Pearl']",['Legends Arceus'],"['Scarlet', 'Violet']",[]
221,Piloswine,,[],"['Fire Red', 'Leaf Green']","['Gold', 'Silver', 'Crystal']",[],"['Diamond', 'Pearl', 'Platinum']","['Heart Gold', 'Soul Silver']","['Black', 'White']","['Black 2', 'White 2']","['X', 'Y']",[],"['Sun', 'Moon']",[],[],"['Sword', 'Shield']","['Brilliant Diamond', 'Shining Pearl']",['Legends Arceus'],"['Scarlet', 'Violet']",[]
222,Corsola,,[],[],"['Gold', 'Silver', 'Crystal']","['Ruby', 'Sapphire', 'Emerald']","['Diamond', 'Pearl', 'Platinum']","['Heart Gold', 'Soul Silver']","['Black', 'White']","['Black 2', 'White 2']","['X', 'Y']","['Omega Ruby', 'Alpha Sapphire']","['Sun', 'Moon']",[],[],"['Sword', 'Shield']","['Brilliant Diamond', 'Shining Pearl']",[],[],[]
222,Corsola,Galarian,[],[],[],[],[],[],[],[],[],[],[],[],[],"['Sword', 'Shield']",[],[],[],[]
223,Remoraid,,[],['Leaf Green'],"['Gold', 'Silver']",['Emerald'],"['Diamond', 'Pearl', 'Platinum']","['Heart Gold', 'Soul Silver']","['Black', 'White']","['Black 2', 'White 2']","['X', 'Y']","['Omega Ruby', 'Alpha Sapphire']",[],[],[],"['Sword', 'Shield']","['Brilliant Diamond', 'Shining Pearl']",['Legends Arceus'],[],[]
224,Octillery,,[],['Leaf Green'],"['Gold', 'Silver']",['Emerald'],"['Diamond', 'Pearl', 'Platinum']","['Heart Gold', 'Soul Silver']","['Black', 'White']","['Black 2', 'White 2']","['X', 'Y']","['Omega Ruby', 'Alpha Sapphire']",[],[],[],"['Sword', 'Shield']","['Brilliant Diamond', 'Shining Pearl']",['Legends Arceus'],[],[]
225,Delibird,,[],['Fire Red'],"['Silver', 'Crystal']",[],"['Diamond', 'Pearl', 'Platinum']",['Soul Silver'],"['Black', 'White']","['Black 2', 'White 2']","['X', 'Y']","['Omega Ruby', 'Alpha Sapphire']","['Sun', 'Moon']",[],[],"['Sword', 'Shield']","['Brilliant Diamond', 'Shining Pearl']",[],"['Scarlet', 'Violet']",['Legends ZA']
226,Mantine,,[],['Leaf Green'],"['Gold', 'Crystal']",[],"['Diamond', 'Pearl', 'Platinum']",['Heart Gold'],"['Black', 'White']","['Black 2', 'White 2']","['X', 'Y']","['Omega Ruby', 'Alpha Sapphire']",[],[],[],"['Sword', 'Shield']","['Brilliant Diamond', 'Shining Pearl']",['Legends Arceus'],[],[]
227,Skarmory,,[],['Fire Red'],"['Silver', 'Crystal']","['Ruby', 'Sapphire', 'Emerald']","['Diamond', 'Pearl', 'Platinum']",['Soul Silver'],[],"['Black 2', 'White 2']","['X', 'Y']","['Omega Ruby', 'Alpha Sapphire']","['Sun', 'Moon']",[],[],"['Sword', 'Shield']","['Brilliant Diamond', 'Shining Pearl']",[],"['Scarlet', 'Violet']",['Legends ZA']
228,Houndour,,[],[],"['Gold', 'Silver', 'Crystal']",['Emerald'],['Platinum'],"['Heart Gold', 'Soul Silver']",['Black'],[],['X'],[],[],['Ultra Sun'],[],[],"['Brilliant Diamond', 'Shining Pearl']",[],"['Scarlet', 'Violet']",['Legends ZA']
229,Houndoom,,[],[],"['Gold', 'Silver', 'Crystal']",['Emerald'],['Platinum'],"['Heart Gold', 'Soul Silver']",['Black'],[],['X'],[],[],['Ultra Sun'],[],[],"['Brilliant Diamond', 'Shining Pearl']",[],"['Scarlet', 'Violet']",['Legends ZA']
230,Kingdra,,[],"['Fire Red', 'Leaf Green']","['Gold', 'Silver', 'Crystal']","['Ruby', 'Sapphire', 'Emerald']","['Diamond', 'Pearl', 'Platinum']","['Heart Gold', 'Soul Silver']","['Black', 'White']","['Black 2', 'White 2']","['X', 'Y']","['Omega Ruby', 'Alpha Sapphire']","['Sun', 'Moon']",[],[],"['Sword', 'Shield']","['Brilliant Diamond', 'Shining Pearl']",[],"['Scarlet', 'Violet']",[]
231,Phanpy,,[],"['Fire Red', 'Leaf Green']","['Silver', 'Crystal']","['Ruby', 'Sapphire', 'Emerald']","['Diamond', 'Pearl', 'Platinum']",['Heart Gold'],[],"['Black 2', 'White 2']","['X', 'Y']","['Omega Ruby', 'Alpha Sapphire']",[],[],[],[],"['Brilliant Diamond', 'Shining Pearl']",[],"['Scarlet', 'Violet']",[]
232,Donphan,,[],"['Fire Red', 'Leaf Green']","['Silver', 'Crystal']","['Ruby', 'Sapphire', 'Emerald']","['Diamond', 'Pearl', 'Platinum']",['Heart Gold'],[],"['Black 2', 'White 2']","['X', 'Y']","['Omega Ruby', 'Alpha Sapphire']",[],[],[],[],"['Brilliant Diamond', 'Shining Pearl']",[],"['Scarlet', 'Violet']",[]
233,Porygon2,,[],"['Fire Red', 'Leaf Green']","['Gold', 'Silver', 'Crystal']",[],"['Diamond', 'Pearl', 'Platinum']","['Heart Gold', 'Soul Silver']","['Black', 'White']",[],[],"['Omega Ruby', 'Alpha Sapphire']","['Sun', 'Moon']",[],[],"['Sword', 'Shield']","['Brilliant Diamond', 'Shining Pearl']",['Legends Arceus'],"['Scarlet', 'Violet']",['Legends ZA']
234,Stantler,,[],[],"['Gold', 'Silver', 'Crystal']",['Emerald'],['Platinum'],"['Heart Gold', 'Soul Silver']","['Black', 'White']",[],[],"['Omega Ruby', 'Alpha Sapphire']",[],[],[],[],['Shining Pearl'],['Legends Arceus'],"['Scarlet', 'Violet']",[]
235,Smeargle,,[],[],"['Gold', 'Silver', 'Crystal']",['Emerald'],"['Diamond', 'Pearl', 'Platinum']","['Heart Gold', 'Soul Silver']","['Black', 'White']",[],"['X', 'Y']",[],"['Sun', 'Moon']",[],[],[],"['Brilliant Diamond', 'Shining Pearl']",[],"['Scarlet', 'Violet']",[]
236,Tyrogue,,[],"['Fire Red', 'Leaf Green']","['Gold', 'Silver', 'Crystal']",[],"['Diamond', 'Pearl', 'Platinum']","['Heart Gold', 'Soul Silver']","['Black', 'White']",[],"['X', 'Y']","['Omega Ruby', 'Alpha Sapphire']",[],[],[],"['Sword', 'Shield']","['Brilliant Diamond', 'Shining Pearl']",[],"['Scarlet', 'Violet']",[]
237,Hitmontop,,[],"['Fire Red', 'Leaf Green']","['Gold', 'Silver', 'Crystal']",[],"['Diamond', 'Pearl', 'Platinum']","['Heart Gold', 'Soul Silver']","['Black', 'White']",[],"['X', 'Y']","['Omega Ruby', 'Alpha Sapphire']",[],[],[],"['Sword', 'Shield']","['Brilliant Diamond', 'Shining Pearl']",[],"['Scarlet', 'Violet']",[]
238,Smoochum,,[],"['Fire Red', 'Leaf Green']","['Gold', 'Silver', 'Crystal']",[],"['Diamond', 'Pearl', 'Platinum']","['Heart Gold', 'Soul Silver']","['Black', 'White']",[],"['X', 'Y']",[],[],[],[],"['Sword', 'Shield']","['Brilliant Diamond', 'Shining Pearl']",[],[],[]
239,Elekid,,[],['Fire Red'],"['Gold', 'Silver', 'Crystal']",[],['Platinum'],"['Heart Gold', 'Soul Silver']",['White'],['White 2'],"['X', 'Y']","['Omega Ruby', 'Alpha Sapphire']","['Sun', 'Moon']",[],[],"['Sword', 'Shield']",['Brilliant Diamond'],['Legends Arceus'],"['Scarlet', 'Violet']",[]
240,Magby,,[],['Leaf Green'],"['Gold', 'Silver', 'Crystal']",[],['Platinum'],"['Heart Gold', 'Soul Silver']",['White'],['Black 2'],"['X', 'Y']","['Omega Ruby', 'Alpha Sapphire']","['Sun', 'Moon']",[],[],"['Sword', 'Shield']",['Shining Pearl'],['Legends Arceus'],"['Scarlet', 'Violet']",[]
241,Miltank,,[],[],"['Gold', 'Silver', 'Crystal']",['Emerald'],"['Diamond', 'Pearl', 'Platinum']","['Heart Gold', 'Soul Silver']",[],[],"['X', 'Y']",[],"['Sun', 'Moon']",[],[],"['Sword', 'Shield']","['Brilliant Diamond', 'Shining Pearl']",[],[],[]
242,Blissey,,[],"['Fire Red', 'Leaf Green']","['Gold', 'Silver', 'Crystal']",[],"['Diamond', 'Pearl', 'Platinum']","['Heart Gold', 'Soul Silver']",['White'],"['Black 2', 'White 2']","['X', 'Y']","['Omega Ruby', 'Alpha Sapphire']","['Sun', 'Moon']",[],[],"['Sword', 'Shield']","['Brilliant Diamond', 'Shining Pearl']",['Legends Arceus'],"['Scarlet', 'Violet']",[]
243,Raikou,,[],"['Fire Red', 'Leaf Green']","['Gold', 'Silver', 'Crystal']",[],[],"['Heart Gold', 'Soul Silver']",[],[],[],"['Omega Ruby', 'Alpha Sapphire']","['Sun', 'Moon']",['Ultra Sun'],[],"['Sword', 'Shield']",['Brilliant Diamond'],[],['Scarlet'],[]
244,Entei,,[],"['Fire Red', 'Leaf Green']","['Gold', 'Silver', 'Crystal']",[],[],"['Heart Gold', 'Soul Silver']",[],[],[],"['Omega Ruby', 'Alpha Sapphire']","['Sun', 'Moon']",['Ultra Moon'],[],"['Sword', 'Shield']",['Brilliant Diamond'],[],['Scarlet'],[]
245,Suicune,,[],"['Fire Red', 'Leaf Green']","['Gold', 'Silver', 'Crystal']",[],[],"['Heart Gold', 'Soul Silver']",[],[],[],"['Omega Ruby', 'Alpha Sapphire']",[],[],[],"['Sword', 'Shield']",['Brilliant Diamond'],[],['Scarlet'],[]
246,Larvitar,,[],"['Fire Red', 'Leaf Green']","['Gold', 'Silver', 'Crystal']",[],"['Diamond', 'Platinum']","['Heart Gold', 'Soul Silver']","['Black', 'White']","['Black 2', 'White 2']",['Y'],[],[],[],[],"['Sword', 'Shield']",['Brilliant Diamond'],[],['Scarlet'],['Legends ZA']
247,Pupitar,,[],"['Fire Red', 'Leaf Green']","['Gold', 'Silver', 'Crystal']",[],"['Diamond', 'Platinum']","['Heart Gold', 'Soul Silver']","['Black', 'White']","['Black 2', 'White 2']",['Y'],[],[],[],[],"['Sword', 'Shield']",['Brilliant Diamond'],[],['Scarlet'],['Legends ZA']
248,Tyranitar,,[],"['Fire Red', 'Leaf Green']","['Gold', 'Silver', 'Crystal']",[],"['Diamond', 'Platinum']","['Heart Gold', 'Soul Silver']","['Black', 'White']","['Black 2', 'White 2']",['Y'],[],[],[],[],"['Sword', 'Shield']",['Brilliant Diamond'],[],['Scarlet'],['Legends ZA']
249,Lugia,,[],"['Fire Red', 'Leaf Green']","['Gold', 'Silver', 'Crystal']","['Ruby', 'Sapphire', 'Emerald']",[],"['Heart Gold', 'Soul Silver']",[],[],"['X', 'Y']",['Alpha Sapphire'],"['Sun', 'Moon']",['Ultra Moon'],[],"['Sword', 'Shield']",['Shining Pearl'],[],['Violet'],[]
250,Ho-Oh,,[],"['Fire Red', 'Leaf Green']","['Gold', 'Silver', 'Crystal']","['Ruby', 'Sapphire', 'Emerald']",[],"['Heart Gold', 'Soul Silver']","['Black', 'White']",[],[],['Omega Ruby'],"['Sun', 'Moon']",['Ultra Sun'],[],['Sword'],['Brilliant Diamond'],[],['Scarlet'],[]
251,Celebi,,[],[],['Crystal'],[],[],"['Heart Gold', 'Soul Silver']",[],[],[],"['Omega Ruby', 'Alpha Sapphire']","['Sun', 'Moon']",[],[],"['Sword', 'Shield']","['Brilliant Diamond', 'Shining Pearl']",[],[],[]
252,Treecko,,[],[],[],"['Ruby', 'Sapphire', 'Emerald']",[],"['Heart Gold', 'Soul Silver']",[],[],[],"['Omega Ruby', 'Alpha Sapphire']",[],[],[],"['Sword', 'Shield']","['Brilliant Diamond', 'Shining Pearl']",[],"['Scarlet', 'Violet']",['Legends ZA']
253,Grovyle,,[],[],[],"['Ruby', 'Sapphire', 'Emerald']",[],"['Heart Gold', 'Soul Silver']",[],[],[],"['Omega Ruby', 'Alpha Sapphire']",[],[],[],"['Sword', 'Shield']","['Brilliant Diamond', 'Shining Pearl']",[],"['Scarlet', 'Violet']",['Legends ZA']
254,Sceptile,,[],[],[],"['Ruby', 'Sapphire', 'Emerald']",[],"['Heart Gold', 'Soul Silver']",[],[],[],"['Omega Ruby', 'Alpha Sapphire']",[],[],[],"['Sword', 'Shield']","['Brilliant Diamond', 'Shining Pearl']",[],"['Scarlet', 'Violet']",['Legends ZA']
255,Torchic,,[],[],[],"['Ruby', 'Sapphire', 'Emerald']",[],"['Heart Gold', 'Soul Silver']",[],[],[],"['Omega Ruby', 'Alpha Sapphire']",[],[],[],"['Sword', 'Shield']","['Brilliant Diamond', 'Shining Pearl']",[],"['Scarlet', 'Violet']",['Legends ZA']
256,Combusken,,[],[],[],"['Ruby', 'Sapphire', 'Emerald']",[],"['Heart Gold', 'Soul Silver']",[],[],[],"['Omega Ruby', 'Alpha Sapphire']",[],[],[],"['Sword', 'Shield']","['Brilliant Diamond', 'Shining Pearl']",[],"['Scarlet', 'Violet']",['Legends ZA']
257,Blaziken,,[],[],[],"['Ruby', 'Sapphire', 'Emerald']",[],"['Heart Gold', 'Soul Silver']",[],[],[],"['Omega Ruby', 'Alpha Sapphire']",[],[],[],"['Sword', 'Shield']","['Brilliant Diamond', 'Shining Pearl']",[],"['Scarlet', 'Violet']",['Legends ZA']
258,Mudkip,,[],[],[],"['Ruby', 'Sapphire', 'Emerald']",[],"['Heart Gold', 'Soul Silver']",[],[],[],"['Omega Ruby', 'Alpha Sapphire']",[],[],[],"['Sword', 'Shield']","['Brilliant Diamond', 'Shining Pearl']",[],"['Scarlet', 'Violet']",['Legends ZA']
259,Marshtomp,,[],[],[],"['Ruby', 'Sapphire', 'Emerald']",[],"['Heart Gold', 'Soul Silver']",[],[],[],"['Omega Ruby', 'Alpha Sapphire']",[],[],[],"['Sword', 'Shield']","['Brilliant Diamond', 'Shining Pearl']",[],"['Scarlet', 'Violet']",['Legends ZA']
260,Swampert,,[],[],[],"['Ruby', 'Sapphire', 'Emerald']",[],"['Heart Gold', 'Soul Silver']",[],[],[],"['Omega Ruby', 'Alpha Sapphire']",[],[],[],"['Sword', 'Shield']","['Brilliant Diamond', 'Shining Pearl']",[],"['Scarlet', 'Violet']",['Legends ZA']
261,Poochyena,,[],[],[],"['Ruby', 'Sapphire', 'Emerald']","['Diamond', 'Platinum']","['Heart Gold', 'Soul Silver']",['White'],[],['X'],"['Omega Ruby', 'Alpha Sapphire']",[],[],[],[],"['Brilliant Diamond', 'Shining Pearl']",[],"['Scarlet', 'Violet']",[]
262,Mightyena,,[],[],[],"['Ruby', 'Sapphire', 'Emerald']","['Diamond', 'Platinum']","['Heart Gold', 'Soul Silver']",['White'],[],['X'],"['Omega Ruby', 'Alpha Sapphire']",[],[],[],[],"['Brilliant Diamond', 'Shining Pearl']",[],"['Scarlet', 'Violet']",[]
263,Zigzagoon,,[],[],[],"['Ruby', 'Sapphire', 'Emerald']","['Diamond', 'Pearl', 'Platinum']","['Heart Gold', 'Soul Silver']",[],[],"['X', 'Y']","['Omega Ruby', 'Alpha Sapphire']",[],[],[],"['Sword', 'Shield']","['Brilliant Diamond', 'Shining Pearl']",[],[],[]
263,Zigzagoon,Galarian,[],[],[],[],[],[],[],[],[],[],[],[],[],"['Sword', 'Shield']",[],[],[],[]
264,Linoone,,[],[],[],"['Ruby', 'Sapphire', 'Emerald']","['Diamond', 'Pearl', 'Platinum']","['Heart Gold', 'Soul Silver']",[],[],"['X', 'Y']","['Omega Ruby', 'Alpha Sapphire']",[],[],[],"['Sword', 'Shield']","['Brilliant Diamond', 'Shining Pearl']",[],[],[]
264,Linoone,Galarian,[],[],[],[],[],[],[],[],[],[],[],[],[],"['Sword', 'Shield']",[],[],[],[]
265,Wurmple,,[],[],[],"['Ruby', 'Sapphire', 'Emerald']","['Diamond', 'Pearl', 'Platinum']","['Heart Gold', 'Soul Silver']",['White'],[],"['X', 'Y']","['Omega Ruby', 'Alpha Sapphire']",[],[],[],[],"['Brilliant Diamond', 'Shining Pearl']",['Legends Arceus'],[],[]
266,Silcoon,,[],[],[],"['Ruby', 'Sapphire', 'Emerald']","['Diamond', 'Pearl', 'Platinum']","['Heart Gold', 'Soul Silver']",['White'],[],"['X', 'Y']","['Omega Ruby', 'Alpha Sapphire']",[],[],[],[],"['Brilliant Diamond', 'Shining Pearl']",['Legends Arceus'],[],[]
267,Beautifly,,[],[],[],"['Ruby', 'Sapphire', 'Emerald']","['Diamond', 'Pearl', 'Platinum']","['Heart Gold', 'Soul Silver']",['White'],[],"['X', 'Y']","['Omega Ruby', 'Alpha Sapphire']",[],[],[],[],"['Brilliant Diamond', 'Shining Pearl']",['Legends Arceus'],[],[]
268,Cascoon,,[],[],[],"['Ruby', 'Sapphire', 'Emerald']","['Diamond', 'Pearl', 'Platinum']","['Heart Gold', 'Soul Silver']",['White'],[],"['X', 'Y']","['Omega Ruby', 'Alpha Sapphire']",[],[],[],[],"['Brilliant Diamond', 'Shining Pearl']",['Legends Arceus'],[],[]
269,Dustox,,[],[],[],"['Ruby', 'Sapphire', 'Emerald']","['Diamond', 'Pearl', 'Platinum']","['Heart Gold', 'Soul Silver']",['White'],[],"['X', 'Y']","['Omega Ruby', 'Alpha Sapphire']",[],[],[],[],"['Brilliant Diamond', 'Shining Pearl']",['Legends Arceus'],[],[]
270,Lotad,,[],[],[],"['Sapphire', 'Emerald']","['Diamond', 'Pearl', 'Platinum']","['Heart Gold', 'Soul Silver']",['White'],"['Black 2', 'White 2']","['X', 'Y']",['Alpha Sapphire'],[],[],[],"['Sword', 'Shield']",['Shining Pearl'],[],"['Scarlet', 'Violet']",[]
271,Lombre,,[],[],[],"['Sapphire', 'Emerald']","['Diamond', 'Pearl', 'Platinum']","['Heart Gold', 'Soul Silver']",['White'],"['Black 2', 'White 2']","['X', 'Y']",['Alpha Sapphire'],[],[],[],"['Sword', 'Shield']",['Shining Pearl'],[],"['Scarlet', 'Violet']",[]
272,Ludicolo,,[],[],[],"['Sapphire', 'Emerald']","['Diamond', 'Pearl', 'Platinum']","['Heart Gold', 'Soul Silver']",['White'],"['Black 2', 'White 2']","['X', 'Y']",['Alpha Sapphire'],[],[],[],"['Sword', 'Shield']",['Shining Pearl'],[],"['Scarlet', 'Violet']",[]
273,Seedot,,[],[],[],"['Ruby', 'Emerald']","['Diamond', 'Pearl', 'Platinum']","['Heart Gold', 'Soul Silver']",['White'],"['Black 2', 'White 2']","['X', 'Y']",['Omega Ruby'],[],[],[],['Sword'],['Brilliant Diamond'],[],"['Scarlet', 'Violet']",[]
274,Nuzleaf,,[],[],[],"['Ruby', 'Emerald']","['Diamond', 'Pearl', 'Platinum']","['Heart Gold', 'Soul Silver']",['White'],"['Black 2', 'White 2']","['X', 'Y']",['Omega Ruby'],[],[],[],['Sword'],['Brilliant Diamond'],[],"['Scarlet', 'Violet']",[]
275,Shiftry,,[],[],[],"['Ruby', 'Emerald']","['Diamond', 'Pearl', 'Platinum']","['Heart Gold', 'Soul Silver']",['White'],"['Black 2', 'White 2']","['X', 'Y']",['Omega Ruby'],[],[],[],['Sword'],['Brilliant Diamond'],[],"['Scarlet', 'Violet']",[]
276,Taillow,,[],[],[],"['Ruby', 'Sapphire', 'Emerald']","['Diamond', 'Pearl', 'Platinum']","['Heart Gold', 'Soul Silver']","['Black', 'White']","['Black 2', 'White 2']","['X', 'Y']","['Omega Ruby', 'Alpha Sapphire']",[],[],[],[],"['Brilliant Diamond', 'Shining Pearl']",[],[],[]
277,Swellow,,[],[],[],"['Ruby', 'Sapphire', 'Emerald']","['Diamond', 'Pearl', 'Platinum']","['Heart Gold', 'Soul Silver']","['Black', 'White']","['Black 2', 'White 2']","['X', 'Y']","['Omega Ruby', 'Alpha Sapphire']",[],[],[],[],"['Brilliant Diamond', 'Shining Pearl']",[],[],[]
278,Wingull,,[],[],[],"['Ruby', 'Sapphire', 'Emerald']","['Diamond', 'Pearl', 'Platinum']","['Heart Gold', 'Soul Silver']","['Black', 'White']","['Black 2', 'White 2']","['X', 'Y']","['Omega Ruby', 'Alpha Sapphire']","['Sun', 'Moon']",[],[],"['Sword', 'Shield']","['Brilliant Diamond', 'Shining Pearl']",[],"['Scarlet', 'Violet']",[]
279,Pelipper,,[],[],[],"['Ruby', 'Sapphire', 'Emerald']","['Diamond', 'Pearl', 'Platinum']","['Heart Gold', 'Soul Silver']","['Black', 'White']","['Black 2', 'White 2']","['X', 'Y']","['Omega Ruby', 'Alpha Sapphire']","['Sun', 'Moon']",[],[],"['Sword', 'Shield']","['Brilliant Diamond', 'Shining Pearl']",[],"['Scarlet', 'Violet']",[]
280,Ralts,,[],[],[],"['Ruby', 'Sapphire', 'Emerald']","['Diamond', 'Pearl', 'Platinum']","['Heart Gold', 'Soul Silver']",['White'],"['Black 2', 'White 2']","['X', 'Y']","['Omega Ruby', 'Alpha Sapphire']",[],[],[],"['Sword', 'Shield']","['Brilliant Diamond', 'Shining Pearl']",['Legends Arceus'],"['Scarlet', 'Violet']",['Legends ZA']
281,Kirlia,,[],[],[],"['Ruby', 'Sapphire', 'Emerald']","['Diamond', 'Pearl', 'Platinum']","['Heart Gold', 'Soul Silver']",['White'],"['Black 2', 'White 2']","['X', 'Y']","['Omega Ruby', 'Alpha Sapphire']",[],[],[],"['Sword', 'Shield']","['Brilliant Diamond', 'Shining Pearl']",['Legends Arceus'],"['Scarlet', 'Violet']",['Legends ZA']
282,Gardevoir,,[],[],[],"['Ruby', 'Sapphire', 'Emerald']","['Diamond', 'Pearl', 'Platinum']","['Heart Gold', 'Soul Silver']",['White'],"['Black 2', 'White 2']","['X', 'Y']","['Omega Ruby', 'Alpha Sapphire']",[],[],[],"['Sword', 'Shield']","['Brilliant Diamond', 'Shining Pearl']",['Legends Arceus'],"['Scarlet', 'Violet']",['Legends ZA']
283,Surskit,,[],[],[],"['Ruby', 'Sapphire']","['Diamond', 'Pearl', 'Platinum']","['Heart Gold', 'Soul Silver']",['White'],"['Black 2', 'White 2']","['X', 'Y']","['Omega Ruby', 'Alpha Sapphire']","['Sun', 'Moon']",[],[],[],"['Brilliant Diamond', 'Shining Pearl']",[],"['Scarlet', 'Violet']",[]
284,Masquerain,,[],[],[],"['Ruby', 'Sapphire']","['Diamond', 'Pearl', 'Platinum']","['Heart Gold', 'Soul Silver']",['White'],"['Black 2', 'White 2']","['X', 'Y']","['Omega Ruby', 'Alpha Sapphire']","['Sun', 'Moon']",[],[],[],"['Brilliant Diamond', 'Shining Pearl']",[],"['Scarlet', 'Violet']",[]
285,Shroomish,,[],[],[],"['Ruby', 'Sapphire', 'Emerald']","['Diamond', 'Pearl', 'Platinum']","['Heart Gold', 'Soul Silver']",['Black'],"['Black 2', 'White 2']","['X', 'Y']","['Omega Ruby', 'Alpha Sapphire']",[],[],[],[],"['Brilliant Diamond', 'Shining Pearl']",[],"['Scarlet', 'Violet']",[]
286,Breloom,,[],[],[],"['Ruby', 'Sapphire', 'Emerald']","['Diamond', 'Pearl', 'Platinum']","['Heart Gold', 'Soul Silver']",['Black'],"['Black 2', 'White 2']","['X', 'Y']","['Omega Ruby', 'Alpha Sapphire']",[],[],[],[],"['Brilliant Diamond', 'Shining Pearl']",[],"['Scarlet', 'Violet']",[]
287,Slakoth,,[],[],[],"['Ruby', 'Sapphire', 'Emerald']","['Diamond', 'Pearl', 'Platinum']","['Heart Gold', 'Soul Silver']",['White'],"['Black 2', 'White 2']",[],"['Omega Ruby', 'Alpha Sapphire']","['Sun', 'Moon']",[],[],[],"['Brilliant Diamond', 'Shining Pearl']",[],"['Scarlet', 'Violet']",[]
288,Vigoroth,,[],[],[],"['Ruby', 'Sapphire', 'Emerald']","['Diamond', 'Pearl', 'Platinum']","['Heart Gold', 'Soul Silver']",['White'],"['Black 2', 'White 2']",[],"['Omega Ruby', 'Alpha Sapphire']","['Sun', 'Moon']",[],[],[],"['Brilliant Diamond', 'Shining Pearl']",[],"['Scarlet', 'Violet']",[]
289,Slaking,,[],[],[],"['Ruby', 'Sapphire', 'Emerald']","['Diamond', 'Pearl', 'Platinum']","['Heart Gold', 'Soul Silver']",['White'],"['Black 2', 'White 2']",[],"['Omega Ruby', 'Alpha Sapphire']","['Sun', 'Moon']",[],[],[],"['Brilliant Diamond', 'Shining Pearl']",[],"['Scarlet', 'Violet']",[]
290,Nincada,,[],[],[],"['Ruby', 'Sapphire', 'Emerald']","['Diamond', 'Pearl', 'Platinum']","['Heart Gold', 'Soul Silver']",[],[],"['X', 'Y']","['Omega Ruby', 'Alpha Sapphire']",[],[],[],"['Sword', 'Shield']","['Brilliant Diamond', 'Shining Pearl']",[],[],[]
291,Ninjask,,[],[],[],"['Ruby', 'Sapphire', 'Emerald']","['Diamond', 'Pearl', 'Platinum']","['Heart Gold', 'Soul Silver']",[],[],"['X', 'Y']","['Omega Ruby', 'Alpha Sapphire']",[],[],[],"['Sword', 'Shield']","['Brilliant Diamond', 'Shining Pearl']",[],[],[]
292,Shedinja,,[],[],[],"['Ruby', 'Sapphire', 'Emerald']","['Diamond', 'Pearl', 'Platinum']","['Heart Gold', 'Soul Silver']",[],[],"['X', 'Y']","['Omega Ruby', 'Alpha Sapphire']",[],[],[],"['Sword', 'Shield']","['Brilliant Diamond', 'Shining Pearl']",[],[],[]
293,Whismur,,[],[],[],"['Ruby', 'Sapphire', 'Emerald']","['Diamond', 'Pearl', 'Platinum']","['Heart Gold', 'Soul Silver']",['White'],[],"['X', 'Y']","['Omega Ruby', 'Alpha Sapphire']",[],[],[],"['Sword', 'Shield']","['Brilliant Diamond', 'Shining Pearl']",[],[],[]
294,Loudred,,[],[],[],"['Ruby', 'Sapphire', 'Emerald']","['Diamond', 'Pearl', 'Platinum']","['Heart Gold', 'Soul Silver']",['White'],[],"['X', 'Y']","['Omega Ruby', 'Alpha Sapphire']",[],[],[],"['Sword', 'Shield']","['Brilliant Diamond', 'Shining Pearl']",[],[],[]
295,Exploud,,[],[],[],"['Ruby', 'Sapphire', 'Emerald']","['Diamond', 'Pearl', 'Platinum']","['Heart Gold', 'Soul Silver']",['White'],[],"['X', 'Y']","['Omega Ruby', 'Alpha Sapphire']",[],[],[],"['Sword', 'Shield']","['Brilliant Diamond', 'Shining Pearl']",[],[],[]
296,Makuhita,,[],[],[],"['Ruby', 'Sapphire', 'Emerald']","['Diamond', 'Pearl', 'Platinum']","['Heart Gold', 'Soul Silver']",[],"['Black 2', 'White 2']","['X', 'Y']","['Omega Ruby', 'Alpha Sapphire']","['Sun', 'Moon']",[],[],[],"['Brilliant Diamond', 'Shining Pearl']",[],"['Scarlet', 'Violet']",[]
297,Hariyama,,[],[],[],"['Ruby', 'Sapphire', 'Emerald']","['Diamond', 'Pearl', 'Platinum']","['Heart Gold', 'Soul Silver']",[],"['Black 2', 'White 2']","['X', 'Y']","['Omega Ruby', 'Alpha Sapphire']","['Sun', 'Moon']",[],[],[],"['Brilliant Diamond', 'Shining Pearl']",[],"['Scarlet', 'Violet']",[]
298,Azurill,,[],['Leaf Green'],[],"['Ruby', 'Sapphire', 'Emerald']","['Diamond', 'Pearl', 'Platinum']","['Heart Gold', 'Soul Silver']",['White'],"['Black 2', 'White 2']","['X', 'Y']","['Omega Ruby', 'Alpha Sapphire']","['Sun', 'Moon']",[],[],"['Sword', 'Shield']","['Brilliant Diamond', 'Shining Pearl']",[],"['Scarlet', 'Violet']",[]
299,Nosepass,,[],[],[],"['Ruby', 'Sapphire', 'Emerald']","['Diamond', 'Pearl', 'Platinum']","['Heart Gold', 'Soul Silver']",[],"['Black 2', 'White 2']","['X', 'Y']","['Omega Ruby', 'Alpha Sapphire']","['Sun', 'Moon']",[],[],[],"['Brilliant Diamond', 'Shining Pearl']",['Legends Arceus'],"['Scarlet', 'Violet']",[]
300,Skitty,,[],[],[],"['Ruby', 'Sapphire', 'Emerald']","['Diamond', 'Pearl', 'Platinum']","['Heart Gold', 'Soul Silver']",[],['White 2'],"['X', 'Y']","['Omega Ruby', 'Alpha Sapphire']",[],[],[],[],"['Brilliant Diamond', 'Shining Pearl']",[],[],[]
301,Delcatty,,[],[],[],"['Ruby', 'Sapphire', 'Emerald']","['Diamond', 'Pearl', 'Platinum']","['Heart Gold', 'Soul Silver']",[],['White 2'],"['X', 'Y']","['Omega Ruby', 'Alpha Sapphire']",[],[],[],[],"['Brilliant Diamond', 'Shining Pearl']",[],[],[]
302,Sableye,,[],[],[],"['Sapphire', 'Emerald']","['Diamond', 'Pearl', 'Platinum']",['Heart Gold'],"['Black', 'White']","['Black 2', 'White 2']","['X', 'Y']",['Alpha Sapphire'],"['Sun', 'Moon']",[],[],"['Sword', 'Shield']",['Shining Pearl'],[],"['Scarlet', 'Violet']",['Legends ZA']
303,Mawile,,[],[],[],"['Ruby', 'Emerald']","['Diamond', 'Pearl', 'Platinum']",['Soul Silver'],"['Black', 'White']","['Black 2', 'White 2']","['X', 'Y']",['Omega Ruby'],[],[],[],['Sword'],['Brilliant Diamond'],[],[],['Legends ZA']
304,Aron,,[],[],[],"['Ruby', 'Sapphire', 'Emerald']","['Diamond', 'Platinum']","['Heart Gold', 'Soul Silver']",['White'],"['Black 2', 'White 2']",['X'],"['Omega Ruby', 'Alpha Sapphire']",[],[],[],"['Sword', 'Shield']","['Brilliant Diamond', 'Shining Pearl']",[],[],['Legends ZA']
305,Lairon,,[],[],[],"['Ruby', 'Sapphire', 'Emerald']","['Diamond', 'Platinum']","['Heart Gold', 'Soul Silver']",['White'],"['Black 2', 'White 2']",['X'],"['Omega Ruby', 'Alpha Sapphire']",[],[],[],"['Sword', 'Shield']","['Brilliant Diamond', 'Shining Pearl']",[],[],['Legends ZA']
306,Aggron,,[],[],[],"['Ruby', 'Sapphire', 'Emerald']","['Diamond', 'Platinum']","['Heart Gold', 'Soul Silver']",['White'],"['Black 2', 'White 2']",['X'],"['Omega Ruby', 'Alpha Sapphire']",[],[],[],"['Sword', 'Shield']","['Brilliant Diamond', 'Shining Pearl']",[],[],['Legends ZA']
307,Meditite,,[],[],[],"['Ruby', 'Sapphire']","['Diamond', 'Pearl', 'Platinum']","['Heart Gold', 'Soul Silver']",[],"['Black 2', 'White 2']","['X', 'Y']","['Omega Ruby', 'Alpha Sapphire']",[],[],[],[],"['Brilliant Diamond', 'Shining Pearl']",[],"['Scarlet', 'Violet']",['Legends ZA']
308,Medicham,,[],[],[],"['Ruby', 'Sapphire']","['Diamond', 'Pearl', 'Platinum']","['Heart Gold', 'Soul Silver']",[],"['Black 2', 'White 2']","['X', 'Y']","['Omega Ruby', 'Alpha Sapphire']",[],[],[],[],"['Brilliant Diamond', 'Shining Pearl']",[],"['Scarlet', 'Violet']",['Legends ZA']
309,Electrike,,[],[],[],"['Ruby', 'Sapphire', 'Emerald']","['Diamond', 'Pearl', 'Platinum']","['Heart Gold', 'Soul Silver']",[],"['Black 2', 'White 2']",['Y'],"['Omega Ruby', 'Alpha Sapphire']",[],['Ultra Moon'],[],"['Sword', 'Shield']","['Brilliant Diamond', 'Shining Pearl']",[],[],['Legends ZA']
310,Manectric,,[],[],[],"['Ruby', 'Sapphire', 'Emerald']","['Diamond', 'Pearl', 'Platinum']","['Heart Gold', 'Soul Silver']",[],"['Black 2', 'White 2']",['Y'],"['Omega Ruby', 'Alpha Sapphire']",[],['Ultra Moon'],[],"['Sword', 'Shield']","['Brilliant Diamond', 'Shining Pearl']",[],[],['Legends ZA']
311,Plusle,,[],[],[],"['Ruby', 'Sapphire', 'Emerald']","['Diamond', 'Pearl', 'Platinum']","['Heart Gold', 'Soul Silver']",['Black'],['Black 2'],"['X', 'Y']","['Omega Ruby', 'Alpha Sapphire']",[],[],[],[],"['Brilliant Diamond', 'Shining Pearl']",[],"['Scarlet', 'Violet']",[]
312,Minun,,[],[],[],"['Ruby', 'Sapphire', 'Emerald']","['Diamond', 'Pearl', 'Platinum']","['Heart Gold', 'Soul Silver']",['White'],['White 2'],"['X', 'Y']","['Omega Ruby', 'Alpha Sapphire']",[],[],[],[],"['Brilliant Diamond', 'Shining Pearl']",[],"['Scarlet', 'Violet']",[]
313,Volbeat,,[],[],[],"['Ruby', 'Sapphire', 'Emerald']","['Diamond', 'Pearl', 'Platinum']","['Heart Gold', 'Soul Silver']","['Black', 'White']","['Black 2', 'White 2']","['X', 'Y']","['Omega Ruby', 'Alpha Sapphire']",[],[],[],[],"['Brilliant Diamond', 'Shining Pearl']",[],"['Scarlet', 'Violet']",[]
314,Illumise,,[],[],[],"['Ruby', 'Sapphire', 'Emerald']","['Diamond', 'Pearl', 'Platinum']","['Heart Gold', 'Soul Silver']","['Black', 'White']","['Black 2', 'White 2']","['X', 'Y']","['Omega Ruby', 'Alpha Sapphire']",[],[],[],[],"['Brilliant Diamond', 'Shining Pearl']",[],"['Scarlet', 'Violet']",[]
315,Roselia,,[],[],[],"['Ruby', 'Sapphire']","['Diamond', 'Pearl', 'Platinum']","['Heart Gold', 'Soul Silver']",['White'],"['Black 2', 'White 2']","['X', 'Y']","['Omega Ruby', 'Alpha Sapphire']","['Sun', 'Moon']",[],[],"['Sword', 'Shield']","['Brilliant Diamond', 'Shining Pearl']",['Legends Arceus'],[],['Legends ZA']
316,Gulpin,,[],[],[],"['Ruby', 'Sapphire', 'Emerald']","['Diamond', 'Pearl', 'Platinum']",['Soul Silver'],[],"['Black 2', 'White 2']","['X', 'Y']","['Omega Ruby', 'Alpha Sapphire']",[],[],[],[],"['Brilliant Diamond', 'Shining Pearl']",[],"['Scarlet', 'Violet']",['Legends ZA']
317,Swalot,,[],[],[],"['Ruby', 'Sapphire', 'Emerald']","['Diamond', 'Pearl', 'Platinum']",['Soul Silver'],[],"['Black 2', 'White 2']","['X', 'Y']","['Omega Ruby', 'Alpha Sapphire']",[],[],[],[],"['Brilliant Diamond', 'Shining Pearl']",[],"['Scarlet', 'Violet']",['Legends ZA']
318,Carvanha,,[],[],[],"['Ruby', 'Sapphire', 'Emerald']","['Diamond', 'Pearl', 'Platinum']","['Heart Gold', 'Soul Silver']","['Black', 'White']","['Black 2', 'White 2']","['X', 'Y']","['Omega Ruby', 'Alpha Sapphire']","['Sun', 'Moon']",[],[],"['Sword', 'Shield']","['Brilliant Diamond', 'Shining Pearl']",[],[],['Legends ZA']
319,Sharpedo,,[],[],[],"['Ruby', 'Sapphire', 'Emerald']","['Diamond', 'Pearl', 'Platinum']","['Heart Gold', 'Soul Silver']","['Black', 'White']","['Black 2', 'White 2']","['X', 'Y']","['Omega Ruby', 'Alpha Sapphire']","['Sun', 'Moon']",[],[],"['Sword', 'Shield']","['Brilliant Diamond', 'Shining Pearl']",[],[],['Legends ZA']
320,Wailmer,,[],[],[],"['Ruby', 'Sapphire', 'Emerald']","['Diamond', 'Pearl', 'Platinum']","['Heart Gold', 'Soul Silver']","['Black', 'White']","['Black 2', 'White 2']","['X', 'Y']","['Omega Ruby', 'Alpha Sapphire']","['Sun', 'Moon']",[],[],"['Sword', 'Shield']","['Brilliant Diamond', 'Shining Pearl']",[],[],[]
321,Wailord,,[],[],[],"['Ruby', 'Sapphire', 'Emerald']","['Diamond', 'Pearl', 'Platinum']","['Heart Gold', 'Soul Silver']","['Black', 'White']","['Black 2', 'White 2']","['X', 'Y']","['Omega Ruby', 'Alpha Sapphire']","['Sun', 'Moon']",[],[],"['Sword', 'Shield']","['Brilliant Diamond', 'Shining Pearl']",[],[],[]
322,Numel,,[],[],[],"['Ruby', 'Sapphire', 'Emerald']","['Diamond', 'Pearl', 'Platinum']","['Heart Gold', 'Soul Silver']",[],['White 2'],"['X', 'Y']","['Omega Ruby', 'Alpha Sapphire']",[],[],[],[],"['Brilliant Diamond', 'Shining Pearl']",[],"['Scarlet', 'Violet']",['Legends ZA']
323,Camerupt,,[],[],[],"['Ruby', 'Sapphire', 'Emerald']","['Diamond', 'Pearl', 'Platinum']","['Heart Gold', 'Soul Silver']",[],['White 2'],"['X', 'Y']","['Omega Ruby', 'Alpha Sapphire']",[],[],[],[],"['Brilliant Diamond', 'Shining Pearl']",[],"['Scarlet', 'Violet']",['Legends ZA']
324,Torkoal,,[],[],[],"['Ruby', 'Sapphire', 'Emerald']","['Diamond', 'Pearl', 'Platinum']","['Heart Gold', 'Soul Silver']",[],[],"['X', 'Y']","['Omega Ruby', 'Alpha Sapphire']","['Sun', 'Moon']",[],[],"['Sword', 'Shield']","['Brilliant Diamond', 'Shining Pearl']",[],"['Scarlet', 'Violet']",[]
325,Spoink,,[],[],[],"['Ruby', 'Sapphire', 'Emerald']","['Diamond', 'Pearl', 'Platinum']","['Heart Gold', 'Soul Silver']",[],['Black 2'],"['X', 'Y']","['Omega Ruby', 'Alpha Sapphire']",[],[],[],[],"['Brilliant Diamond', 'Shining Pearl']",[],"['Scarlet', 'Violet']",['Legends ZA']
326,Grumpig,,[],[],[],"['Ruby', 'Sapphire', 'Emerald']","['Diamond', 'Pearl', 'Platinum']","['Heart Gold', 'Soul Silver']",[],['Black 2'],"['X', 'Y']","['Omega Ruby', 'Alpha Sapphire']",[],[],[],[],"['Brilliant Diamond', 'Shining Pearl']",[],"['Scarlet', 'Violet']",['Legends ZA']
327,Spinda,,[],[],[],"['Ruby', 'Sapphire', 'Emerald']","['Diamond', 'Pearl', 'Platinum']","['Heart Gold', 'Soul Silver']",[],"['Black 2', 'White 2']","['X', 'Y']","['Omega Ruby', 'Alpha Sapphire']","['Sun', 'Moon']",[],[],[],"['Brilliant Diamond', 'Shining Pearl']",[],[],[]
328,Trapinch,,[],[],[],"['Ruby', 'Sapphire', 'Emerald']",['Diamond'],"['Heart Gold', 'Soul Silver']",['White'],"['Black 2', 'White 2']","['X', 'Y']","['Omega Ruby', 'Alpha Sapphire']","['Sun', 'Moon']",[],[],"['Sword', 'Shield']","['Brilliant Diamond', 'Shining Pearl']",[],"['Scarlet', 'Violet']",[]
329,Vibrava,,[],[],[],"['Ruby', 'Sapphire', 'Emerald']",['Diamond'],"['Heart Gold', 'Soul Silver']",['White'],"['Black 2', 'White 2']","['X', 'Y']","['Omega Ruby', 'Alpha Sapphire']","['Sun', 'Moon']",[],[],"['Sword', 'Shield']","['Brilliant Diamond', 'Shining Pearl']",[],"['Scarlet', 'Violet']",[]
330,Flygon,,[],[],[],"['Ruby', 'Sapphire', 'Emerald']",['Diamond'],"['Heart Gold', 'Soul Silver']",['White'],"['Black 2', 'White 2']","['X', 'Y']","['Omega Ruby', 'Alpha Sapphire']","['Sun', 'Moon']",[],[],"['Sword', 'Shield']","['Brilliant Diamond', 'Shining Pearl']",[],"['Scarlet', 'Violet']",[]
331,Cacnea,,[],[],[],"['Ruby', 'Sapphire', 'Emerald']","['Diamond', 'Pearl', 'Platinum']","['Heart Gold', 'Soul Silver']",[],"['Black 2', 'White 2']","['X', 'Y']","['Omega Ruby', 'Alpha Sapphire']",[],[],[],[],"['Brilliant Diamond', 'Shining Pearl']",[],"['Scarlet', 'Violet']",[]
332,Cacturne,,[],[],[],"['Ruby', 'Sapphire', 'Emerald']","['Diamond', 'Pearl', 'Platinum']","['Heart Gold', 'Soul Silver']",[],"['Black 2', 'White 2']","['X', 'Y']","['Omega Ruby', 'Alpha Sapphire']",[],[],[],[],"['Brilliant Diamond', 'Shining Pearl']",[],"['Scarlet', 'Violet']",[]
333,Swablu,,[],[],[],"['Ruby', 'Sapphire', 'Emerald']","['Diamond', 'Pearl', 'Platinum']","['Heart Gold', 'Soul Silver']","['Black', 'White']","['Black 2', 'White 2']","['X', 'Y']","['Omega Ruby', 'Alpha Sapphire']",[],[],[],"['Sword', 'Shield']","['Brilliant Diamond', 'Shining Pearl']",[],"['Scarlet', 'Violet']",['Legends ZA']
334,Altaria,,[],[],[],"['Ruby', 'Sapphire', 'Emerald']","['Diamond', 'Pearl', 'Platinum']","['Heart Gold', 'Soul Silver']","['Black', 'White']","['Black 2', 'White 2']","['X', 'Y']","['Omega Ruby', 'Alpha Sapphire']",[],[],[],"['Sword', 'Shield']","['Brilliant Diamond', 'Shining Pearl']",[],"['Scarlet', 'Violet']",['Legends ZA']
335,Zangoose,,[],[],[],['Ruby'],"['Diamond', 'Pearl', 'Platinum']","['Heart Gold', 'Soul Silver']","['Black', 'White']","['Black 2', 'White 2']","['X', 'Y']",['Omega Ruby'],[],[],[],[],['Brilliant Diamond'],[],"['Scarlet', 'Violet']",['Legends ZA']
336,Seviper,,[],[],[],"['Sapphire', 'Emerald']","['Diamond', 'Pearl', 'Platinum']","['Heart Gold', 'Soul Silver']","['Black', 'White']","['Black 2', 'White 2']","['X', 'Y']",['Alpha Sapphire'],[],[],[],[],['Shining Pearl'],[],"['Scarlet', 'Violet']",['Legends ZA']
337,Lunatone,,[],[],[],['Sapphire'],"['Diamond', 'Pearl', 'Platinum']","['Heart Gold', 'Soul Silver']","['Black', 'White']","['Black 2', 'White 2']","['X', 'Y']",['Alpha Sapphire'],[],[],[],"['Sword', 'Shield']",['Shining Pearl'],[],[],[]
338,Solrock,,[],[],[],"['Ruby', 'Emerald']","['Diamond', 'Pearl', 'Platinum']","['Heart Gold', 'Soul Silver']","['Black', 'White']","['Black 2', 'White 2']","['X', 'Y']",['Omega Ruby'],[],[],[],['Sword'],['Brilliant Diamond'],[],[],[]
339,Barboach,,[],[],[],"['Ruby', 'Sapphire', 'Emerald']","['Diamond', 'Pearl', 'Platinum']","['Heart Gold', 'Soul Silver']","['Black', 'White']","['Black 2', 'White 2']","['X', 'Y']","['Omega Ruby', 'Alpha Sapphire']","['Sun', 'Moon']",[],[],"['Sword', 'Shield']","['Brilliant Diamond', 'Shining Pearl']",['Legends Arceus'],"['Scarlet', 'Violet']",[]
340,Whiscash,,[],[],[],"['Ruby', 'Sapphire', 'Emerald']","['Diamond', 'Pearl', 'Platinum']","['Heart Gold', 'Soul Silver']","['Black', 'White']","['Black 2', 'White 2']","['X', 'Y']","['Omega Ruby', 'Alpha Sapphire']","['Sun', 'Moon']",[],[],"['Sword', 'Shield']","['Brilliant Diamond', 'Shining Pearl']",['Legends Arceus'],"['Scarlet', 'Violet']",[]
341,Corphish,,[],[],[],"['Ruby', 'Sapphire', 'Emerald']","['Diamond', 'Pearl', 'Platinum']","['Heart Gold', 'Soul Silver']",['White'],"['Black 2', 'White 2']","['X', 'Y']","['Omega Ruby', 'Alpha Sapphire']",[],[],[],"['Sword', 'Shield']","['Brilliant Diamond', 'Shining Pearl']",[],"['Scarlet', 'Violet']",[]
342,Crawdaunt,,[],[],[],"['Ruby', 'Sapphire', 'Emerald']","['Diamond', 'Pearl', 'Platinum']","['Heart Gold', 'Soul Silver']",['White'],"['Black 2', 'White 2']","['X', 'Y']","['Omega Ruby', 'Alpha Sapphire']",[],[],[],"['Sword', 'Shield']","['Brilliant Diamond', 'Shining Pearl']",[],"['Scarlet', 'Violet']",[]
343,Baltoy,,[],[],[],"['Ruby', 'Sapphire', 'Emerald']","['Diamond', 'Pearl', 'Platinum']",['Heart Gold'],"['Black', 'White']","['Black 2', 'White 2']",[],"['Omega Ruby', 'Alpha Sapphire']",[],['Ultra Moon'],[],"['Sword', 'Shield']","['Brilliant Diamond', 'Shining Pearl']",[],[],[]
344,Claydol,,[],[],[],"['Ruby', 'Sapphire', 'Emerald']","['Diamond', 'Pearl', 'Platinum']",['Heart Gold'],"['Black', 'White']","['Black 2', 'White 2']",[],"['Omega Ruby', 'Alpha Sapphire']",[],['Ultra Moon'],[],"['Sword', 'Shield']","['Brilliant Diamond', 'Shining Pearl']",[],[],[]
345,Lileep,,[],[],[],"['Ruby', 'Sapphire', 'Emerald']","['Diamond', 'Pearl', 'Platinum']",['Soul Silver'],"['Black', 'White']","['Black 2', 'White 2']",['X'],"['Omega Ruby', 'Alpha Sapphire']",[],[],[],"['Sword', 'Shield']","['Brilliant Diamond', 'Shining Pearl']",[],[],[]
346,Cradily,,[],[],[],"['Ruby', 'Sapphire', 'Emerald']","['Diamond', 'Pearl', 'Platinum']",['Soul Silver'],"['Black', 'White']","['Black 2', 'White 2']",['X'],"['Omega Ruby', 'Alpha Sapphire']",[],[],[],"['Sword', 'Shield']","['Brilliant Diamond', 'Shining Pearl']",[],[],[]
347,Anorith,,[],[],[],"['Ruby', 'Sapphire', 'Emerald']","['Diamond', 'Pearl', 'Platinum']",['Heart Gold'],"['Black', 'White']","['Black 2', 'White 2']",['X'],"['Omega Ruby', 'Alpha Sapphire']",[],[],[],"['Sword', 'Shield']","['Brilliant Diamond', 'Shining Pearl']",[],[],[]
348,Armaldo,,[],[],[],"['Ruby', 'Sapphire', 'Emerald']","['Diamond', 'Pearl', 'Platinum']",['Heart Gold'],"['Black', 'White']","['Black 2', 'White 2']",['X'],"['Omega Ruby', 'Alpha Sapphire']",[],[],[],"['Sword', 'Shield']","['Brilliant Diamond', 'Shining Pearl']",[],[],[]
349,Feebas,,[],[],[],"['Ruby', 'Sapphire', 'Emerald']","['Diamond', 'Pearl', 'Platinum']","['Heart Gold', 'Soul Silver']","['Black', 'White']","['Black 2', 'White 2']",[],"['Omega Ruby', 'Alpha Sapphire']","['Sun', 'Moon']",[],[],"['Sword', 'Shield']","['Brilliant Diamond', 'Shining Pearl']",[],"['Scarlet', 'Violet']",['Legends ZA']
350,Milotic,,[],[],[],"['Ruby', 'Sapphire', 'Emerald']","['Diamond', 'Pearl', 'Platinum']","['Heart Gold', 'Soul Silver']","['Black', 'White']","['Black 2', 'White 2']",[],"['Omega Ruby', 'Alpha Sapphire']","['Sun', 'Moon']",[],[],"['Sword', 'Shield']","['Brilliant Diamond', 'Shining Pearl']",[],"['Scarlet', 'Violet']",['Legends ZA']
351,Castform,,[],[],[],"['Ruby', 'Sapphire', 'Emerald']","['Diamond', 'Pearl', 'Platinum']","['Heart Gold', 'Soul Silver']",[],"['Black 2', 'White 2']",[],"['Omega Ruby', 'Alpha Sapphire']","['Sun', 'Moon']",[],[],[],"['Brilliant Diamond', 'Shining Pearl']",[],[],[]
352,Kecleon,,[],[],[],"['Ruby', 'Sapphire', 'Emerald']","['Diamond', 'Platinum']","['Heart Gold', 'Soul Silver']",[],"['Black 2', 'White 2']","['X', 'Y']","['Omega Ruby', 'Alpha Sapphire']",[],[],[],[],['Brilliant Diamond'],[],[],['Legends ZA']
353,Shuppet,,[],[],[],"['Ruby', 'Sapphire', 'Emerald']","['Diamond', 'Pearl', 'Platinum']","['Heart Gold', 'Soul Silver']","['Black', 'White']","['Black 2', 'White 2']","['X', 'Y']","['Omega Ruby', 'Alpha Sapphire']",[],[],[],[],"['Brilliant Diamond', 'Shining Pearl']",[],"['Scarlet', 'Violet']",['Legends ZA']
354,Banette,,[],[],[],"['Ruby', 'Sapphire', 'Emerald']","['Diamond', 'Pearl', 'Platinum']","['Heart Gold', 'Soul Silver']","['Black', 'White']","['Black 2', 'White 2']","['X', 'Y']","['Omega Ruby', 'Alpha Sapphire']",[],[],[],[],"['Brilliant Diamond', 'Shining Pearl']",[],"['Scarlet', 'Violet']",['Legends ZA']
355,Duskull,,[],[],[],"['Ruby', 'Sapphire', 'Emerald']","['Diamond', 'Pearl', 'Platinum']","['Heart Gold', 'Soul Silver']",[],[],"['X', 'Y']","['Omega Ruby', 'Alpha Sapphire']",[],[],[],"['Sword', 'Shield']","['Brilliant Diamond', 'Shining Pearl']",['Legends Arceus'],"['Scarlet', 'Violet']",[]
356,Dusclops,,[],[],[],"['Ruby', 'Sapphire', 'Emerald']","['Diamond', 'Pearl', 'Platinum']","['Heart Gold', 'Soul Silver']",[],[],"['X', 'Y']","['Omega Ruby', 'Alpha Sapphire']",[],[],[],"['Sword', 'Shield']","['Brilliant Diamond', 'Shining Pearl']",['Legends Arceus'],"['Scarlet', 'Violet']",[]
357,Tropius,,[],[],[],"['Ruby', 'Sapphire', 'Emerald']",['Platinum'],"['Heart Gold', 'Soul Silver']","['Black', 'White']","['Black 2', 'White 2']","['X', 'Y']","['Omega Ruby', 'Alpha Sapphire']",[],[],[],[],"['Brilliant Diamond', 'Shining Pearl']",[],"['Scarlet', 'Violet']",[]
358,Chimecho,,[],[],[],"['Ruby', 'Sapphire', 'Emerald']","['Diamond', 'Pearl', 'Platinum']","['Heart Gold', 'Soul Silver']","['Black', 'White']",[],"['X', 'Y']","['Omega Ruby', 'Alpha Sapphire']",[],[],[],[],"['Brilliant Diamond', 'Shining Pearl']",['Legends Arceus'],"['Scarlet', 'Violet']",['Legends ZA']
359,Absol,,[],[],[],"['Ruby', 'Sapphire', 'Emerald']","['Diamond', 'Pearl', 'Platinum']","['Heart Gold', 'Soul Silver']","['Black', 'White']","['Black 2', 'White 2']","['X', 'Y']","['Omega Ruby', 'Alpha Sapphire']","['Sun', 'Moon']",[],[],"['Sword', 'Shield']","['Brilliant Diamond', 'Shining Pearl']",[],[],['Legends ZA']
360,Wynaut,,[],"['Fire Red', 'Leaf Green']",[],"['Ruby', 'Sapphire', 'Emerald']","['Diamond', 'Pearl', 'Platinum']","['Heart Gold', 'Soul Silver']","['Black', 'White']","['Black 2', 'White 2']","['X', 'Y']","['Omega Ruby', 'Alpha Sapphire']",[],[],[],"['Sword', 'Shield']","['Brilliant Diamond', 'Shining Pearl']",[],[],[]
361,Snorunt,,[],[],[],"['Ruby', 'Sapphire', 'Emerald']","['Diamond', 'Pearl', 'Platinum']","['Heart Gold', 'Soul Silver']",[],[],"['X', 'Y']","['Omega Ruby', 'Alpha Sapphire']","['Sun', 'Moon']",[],[],"['Sword', 'Shield']","['Brilliant Diamond', 'Shining Pearl']",['Legends Arceus'],"['Scarlet', 'Violet']",['Legends ZA']
362,Glalie,,[],[],[],"['Ruby', 'Sapphire', 'Emerald']","['Diamond', 'Pearl', 'Platinum']","['Heart Gold', 'Soul Silver']",[],[],"['X', 'Y']","['Omega Ruby', 'Alpha Sapphire']","['Sun', 'Moon']",[],[],"['Sword', 'Shield']","['Brilliant Diamond', 'Shining Pearl']",['Legends Arceus'],"['Scarlet', 'Violet']",['Legends ZA']
363,Spheal,,[],[],[],"['Ruby', 'Sapphire', 'Emerald']",['Platinum'],"['Heart Gold', 'Soul Silver']","['Black', 'White']","['Black 2', 'White 2']","['X', 'Y']","['Omega Ruby', 'Alpha Sapphire']","['Sun', 'Moon']",[],[],"['Sword', 'Shield']","['Brilliant Diamond', 'Shining Pearl']",['Legends Arceus'],[],[]
364,Sealeo,,[],[],[],"['Ruby', 'Sapphire', 'Emerald']",['Platinum'],"['Heart Gold', 'Soul Silver']","['Black', 'White']","['Black 2', 'White 2']","['X', 'Y']","['Omega Ruby', 'Alpha Sapphire']","['Sun', 'Moon']",[],[],"['Sword', 'Shield']","['Brilliant Diamond', 'Shining Pearl']",['Legends Arceus'],[],[]
365,Walrein,,[],[],[],"['Ruby', 'Sapphire', 'Emerald']",['Platinum'],"['Heart Gold', 'Soul Silver']","['Black', 'White']","['Black 2', 'White 2']","['X', 'Y']","['Omega Ruby', 'Alpha Sapphire']","['Sun', 'Moon']",[],[],"['Sword', 'Shield']","['Brilliant Diamond', 'Shining Pearl']",['Legends Arceus'],[],[]
366,Clamperl,,[],[],[],"['Ruby', 'Sapphire', 'Emerald']",['Diamond'],"['Heart Gold', 'Soul Silver']","['Black', 'White']","['Black 2', 'White 2']","['X', 'Y']","['Omega Ruby', 'Alpha Sapphire']",[],[],[],[],"['Brilliant Diamond', 'Shining Pearl']",[],[],[]
367,Huntail,,[],[],[],"['Ruby', 'Sapphire', 'Emerald']","['Diamond', 'Pearl', 'Platinum']","['Heart Gold', 'Soul Silver']","['Black', 'White']","['Black 2', 'White 2']","['X', 'Y']","['Omega Ruby', 'Alpha Sapphire']",[],[],[],[],"['Brilliant Diamond', 'Shining Pearl']",[],[],[]
368,Gorebyss,,[],[],[],"['Ruby', 'Sapphire', 'Emerald']","['Diamond', 'Pearl', 'Platinum']","['Heart Gold', 'Soul Silver']","['Black', 'White']","['Black 2', 'White 2']","['X', 'Y']","['Omega Ruby', 'Alpha Sapphire']",[],[],[],[],"['Brilliant Diamond', 'Shining Pearl']",[],[],[]
369,Relicanth,,[],[],[],"['Ruby', 'Sapphire', 'Emerald']","['Diamond', 'Pearl', 'Platinum']","['Heart Gold', 'Soul Silver']","['Black', 'White']","['Black 2', 'White 2']","['X', 'Y']","['Omega Ruby', 'Alpha Sapphire']","['Sun', 'Moon']",[],[],"['Sword', 'Shield']","['Brilliant Diamond', 'Shining Pearl']",[],[],[]
370,Luvdisc,,[],[],[],"['Ruby', 'Sapphire', 'Emerald']","['Diamond', 'Pearl', 'Platinum']","['Heart Gold', 'Soul Silver']","['Black', 'White']","['Black 2', 'White 2']","['X', 'Y']","['Omega Ruby', 'Alpha Sapphire']","['Sun', 'Moon']",[],[],[],"['Brilliant Diamond', 'Shining Pearl']",[],"['Scarlet', 'Violet']",[]
371,Bagon,,[],[],[],"['Ruby', 'Sapphire', 'Emerald']",['Platinum'],"['Heart Gold', 'Soul Silver']",['White'],"['Black 2', 'White 2']","['X', 'Y']","['Omega Ruby', 'Alpha Sapphire']","['Sun', 'Moon']",[],[],['Sword'],['Shining Pearl'],[],['Violet'],['Legends ZA']
372,Shelgon,,[],[],[],"['Ruby', 'Sapphire', 'Emerald']",['Platinum'],"['Heart Gold', 'Soul Silver']",['White'],"['Black 2', 'White 2']","['X', 'Y']","['Omega Ruby', 'Alpha Sapphire']","['Sun', 'Moon']",[],[],['Sword'],['Shining Pearl'],[],['Violet'],['Legends ZA']
373,Salamence,,[],[],[],"['Ruby', 'Sapphire', 'Emerald']",['Platinum'],"['Heart Gold', 'Soul Silver']",['White'],"['Black 2', 'White 2']","['X', 'Y']","['Omega Ruby', 'Alpha Sapphire']","['Sun', 'Moon']",[],[],['Sword'],['Shining Pearl'],[],['Violet'],['Legends ZA']
374,Beldum,,[],[],[],"['Ruby', 'Sapphire', 'Emerald']","['Diamond', 'Pearl', 'Platinum']","['Heart Gold', 'Soul Silver']","['Black', 'White']","['Black 2', 'White 2']","['X', 'Y']","['Omega Ruby', 'Alpha Sapphire']","['Sun', 'Moon']",[],[],"['Sword', 'Shield']","['Brilliant Diamond', 'Shining Pearl']",[],"['Scarlet', 'Violet']",['Legends ZA']
375,Metang,,[],[],[],"['Ruby', 'Sapphire', 'Emerald']","['Diamond', 'Pearl', 'Platinum']","['Heart Gold', 'Soul Silver']","['Black', 'White']","['Black 2', 'White 2']","['X', 'Y']","['Omega Ruby', 'Alpha Sapphire']","['Sun', 'Moon']",[],[],"['Sword', 'Shield']","['Brilliant Diamond', 'Shining Pearl']",[],"['Scarlet', 'Violet']",['Legends ZA']
376,Metagross,,[],[],[],"['Ruby', 'Sapphire', 'Emerald']","['Diamond', 'Pearl', 'Platinum']","['Heart Gold', 'Soul Silver']","['Black', 'White']","['Black 2', 'White 2']","['X', 'Y']","['Omega Ruby', 'Alpha Sapphire']","['Sun', 'Moon']",[],[],"['Sword', 'Shield']","['Brilliant Diamond', 'Shining Pearl']",[],"['Scarlet', 'Violet']",['Legends ZA']
377,Regirock,,[],[],[],"['Ruby', 'Sapphire', 'Emerald']","['Diamond', 'Pearl', 'Platinum']",[],[],"['Black 2', 'White 2']",[],"['Omega Ruby', 'Alpha Sapphire']",[],[],[],"['Sword', 'Shield']","['Brilliant Diamond', 'Shining Pearl']",[],"['Scarlet', 'Violet']",[]
378,Regice,,[],[],[],"['Ruby', 'Sapphire', 'Emerald']","['Diamond', 'Pearl', 'Platinum']",[],[],['White 2'],[],"['Omega Ruby', 'Alpha Sapphire']",[],[],[],"['Sword', 'Shield']","['Brilliant Diamond', 'Shining Pearl']",[],"['Scarlet', 'Violet']",[]
379,Registeel,,[],[],[],"['Ruby', 'Sapphire', 'Emerald']","['Diamond', 'Pearl', 'Platinum']",[],[],['Black 2'],[],"['Omega Ruby', 'Alpha Sapphire']",[],[],[],"['Sword', 'Shield']","['Brilliant Diamond', 'Shining Pearl']",[],"['Scarlet', 'Violet']",[]
380,Latias,,[],[],[],"['Sapphire', 'Emerald']",[],['Heart Gold'],[],['White 2'],"['X', 'Y']",['Alpha Sapphire'],"['Sun', 'Moon']",['Ultra Moon'],[],"['Sword', 'Shield']","['Brilliant Diamond', 'Shining Pearl']",[],['Violet'],['Legends ZA']
381,Latios,,[],[],[],"['Ruby', 'Emerald']",[],['Soul Silver'],[],['Black 2'],"['X', 'Y']",['Omega Ruby'],"['Sun', 'Moon']",['Ultra Sun'],[],['Sword'],"['Brilliant Diamond', 'Shining Pearl']",[],['Scarlet'],['Legends ZA']
382,Kyogre,,[],[],[],"['Sapphire', 'Emerald']",[],['Heart Gold'],[],[],"['X', 'Y']",['Alpha Sapphire'],"['Sun', 'Moon']",['Ultra Moon'],[],"['Sword', 'Shield']","['Brilliant Diamond', 'Shining Pearl']",[],['Violet'],['Legends ZA']
383,Groudon,,[],[],[],"['Ruby', 'Emerald']",[],['Soul Silver'],[],[],"['X', 'Y']",['Omega Ruby'],"['Sun', 'Moon']",['Ultra Sun'],[],['Sword'],"['Brilliant Diamond', 'Shining Pearl']",[],['Scarlet'],['Legends ZA']
384,Rayquaza,,[],[],[],"['Ruby', 'Sapphire', 'Emerald']",[],"['Heart Gold', 'Soul Silver']",[],[],"['X', 'Y']","['Omega Ruby', 'Alpha Sapphire']",[],[],[],"['Sword', 'Shield']","['Brilliant Diamond', 'Shining Pearl']",[],"['Scarlet', 'Violet']",['Legends ZA']
385,Jirachi,,[],[],[],"['Ruby', 'Sapphire', 'Emerald']",[],[],[],[],"['X', 'Y']","['Omega Ruby', 'Alpha Sapphire']","['Sun', 'Moon']",[],[],"['Sword', 'Shield']","['Brilliant Diamond', 'Shining Pearl']",[],"['Scarlet', 'Violet']",[]
386,Deoxys,,[],[],[],"['Ruby', 'Sapphire']",[],[],[],[],[],"['Omega Ruby', 'Alpha Sapphire']",[],[],[],[],"['Brilliant Diamond', 'Shining Pearl']",[],[],[]
386,Deoxys,Attack,[],"['Fire Red', 'Leaf Green']",[],[],[],[],[],[],[],[],[],[],[],[],[],[],[],[]
386,Deoxys,Attack Forme,[],['Fire Red'],[],[],[],[],[],[],[],[],[],[],[],[],"['Brilliant Diamond', 'Shining Pearl']",[],"['Scarlet', 'Violet']",[]
386,Deoxys,Defense,[],"['Fire Red', 'Leaf Green']",[],[],[],[],[],[],[],[],[],[],[],[],[],[],[],[]
386,Deoxys,Defense Forme,[],['Leaf Green'],[],[],[],[],[],[],[],[],[],[],[],[],"['Brilliant Diamond', 'Shining Pearl']",[],"['Scarlet', 'Violet']",[]
386,Deoxys,Normal Forme,[],[],[],[],[],[],[],[],[],[],[],[],[],[],[],[],"['Scarlet', 'Violet']",[]
386,Deoxys,Speed Forme,[],[],[],['Emerald'],[],[],[],[],[],[],[],[],[],[],"['Brilliant Diamond', 'Shining Pearl']",[],"['Scarlet', 'Violet']",[]
387,Turtwig,,[],[],[],[],"['Diamond', 'Pearl', 'Platinum']",[],[],[],[],"['Omega Ruby', 'Alpha Sapphire']",[],[],[],[],"['Brilliant Diamond', 'Shining Pearl']",['Legends Arceus'],"['Scarlet', 'Violet']",[]
388,Grotle,,[],[],[],[],"['Diamond', 'Pearl', 'Platinum']",[],[],[],[],"['Omega Ruby', 'Alpha Sapphire']",[],[],[],[],"['Brilliant Diamond', 'Shining Pearl']",['Legends Arceus'],"['Scarlet', 'Violet']",[]
389,Torterra,,[],[],[],[],"['Diamond', 'Pearl', 'Platinum']",[],[],[],[],"['Omega Ruby', 'Alpha Sapphire']",[],[],[],[],"['Brilliant Diamond', 'Shining Pearl']",['Legends Arceus'],"['Scarlet', 'Violet']",[]
390,Chimchar,,[],[],[],[],"['Diamond', 'Pearl', 'Platinum']",[],[],[],[],"['Omega Ruby', 'Alpha Sapphire']",[],[],[],[],"['Brilliant Diamond', 'Shining Pearl']",['Legends Arceus'],"['Scarlet', 'Violet']",[]
391,Monferno,,[],[],[],[],"['Diamond', 'Pearl', 'Platinum']",[],[],[],[],"['Omega Ruby', 'Alpha Sapphire']",[],[],[],[],"['Brilliant Diamond', 'Shining Pearl']",['Legends Arceus'],"['Scarlet', 'Violet']",[]
392,Infernape,,[],[],[],[],"['Diamond', 'Pearl', 'Platinum']",[],[],[],[],"['Omega Ruby', 'Alpha Sapphire']",[],[],[],[],"['Brilliant Diamond', 'Shining Pearl']",['Legends Arceus'],"['Scarlet', 'Violet']",[]
393,Piplup,,[],[],[],[],"['Diamond', 'Pearl', 'Platinum']",[],[],[],[],"['Omega Ruby', 'Alpha Sapphire']",[],[],[],[],"['Brilliant Diamond', 'Shining Pearl']",['Legends Arceus'],"['Scarlet', 'Violet']",[]
394,Prinplup,,[],[],[],[],"['Diamond', 'Pearl', 'Platinum']",[],[],[],[],"['Omega Ruby', 'Alpha Sapphire']",[],[],[],[],"['Brilliant Diamond', 'Shining Pearl']",['Legends Arceus'],"['Scarlet', 'Violet']",[]
395,Empoleon,,[],[],[],[],"['Diamond', 'Pearl', 'Platinum']",[],[],[],[],"['Omega Ruby', 'Alpha Sapphire']",[],[],[],[],"['Brilliant Diamond', 'Shining Pearl']",['Legends Arceus'],"['Scarlet', 'Violet']",[]
396,Starly,,[],[],[],[],"['Diamond', 'Pearl', 'Platinum']","['Heart Gold', 'Soul Silver']",['White'],[],"['X', 'Y']",[],"['Sun', 'Moon']",[],[],[],"['Brilliant Diamond', 'Shining Pearl']",['Legends Arceus'],"['Scarlet', 'Violet']",['Legends ZA']
397,Staravia,,[],[],[],[],"['Diamond', 'Pearl', 'Platinum']","['Heart Gold', 'Soul Silver']",['White'],[],"['X', 'Y']",[],"['Sun', 'Moon']",[],[],[],"['Brilliant Diamond', 'Shining Pearl']",['Legends Arceus'],"['Scarlet', 'Violet']",['Legends ZA']
398,Staraptor,,[],[],[],[],"['Diamond', 'Pearl', 'Platinum']","['Heart Gold', 'Soul Silver']",['White'],[],"['X', 'Y']",[],"['Sun', 'Moon']",[],[],[],"['Brilliant Diamond', 'Shining Pearl']",['Legends Arceus'],"['Scarlet', 'Violet']",['Legends ZA']
399,Bidoof,,[],[],[],[],"['Diamond', 'Pearl', 'Platinum']","['Heart Gold', 'Soul Silver']","['Black', 'White']","['Black 2', 'White 2']","['X', 'Y']",[],[],[],[],[],"['Brilliant Diamond', 'Shining Pearl']",['Legends Arceus'],[],[]
400,Bibarel,,[],[],[],[],"['Diamond', 'Pearl', 'Platinum']","['Heart Gold', 'Soul Silver']","['Black', 'White']","['Black 2', 'White 2']","['X', 'Y']",[],[],[],[],[],"['Brilliant Diamond', 'Shining Pearl']",['Legends Arceus'],[],[]
401,Kricketot,,[],[],[],[],"['Diamond', 'Pearl', 'Platinum']","['Heart Gold', 'Soul Silver']","['Black', 'White']",[],[],"['Omega Ruby', 'Alpha Sapphire']",[],[],[],[],"['Brilliant Diamond', 'Shining Pearl']",['Legends Arceus'],"['Scarlet', 'Violet']",[]
402,Kricketune,,[],[],[],[],"['Diamond', 'Pearl', 'Platinum']","['Heart Gold', 'Soul Silver']","['Black', 'White']",[],[],"['Omega Ruby', 'Alpha Sapphire']",[],[],[],[],"['Brilliant Diamond', 'Shining Pearl']",['Legends Arceus'],"['Scarlet', 'Violet']",[]
403,Shinx,,[],[],[],[],"['Diamond', 'Pearl', 'Platinum']","['Heart Gold', 'Soul Silver']",['White'],[],"['X', 'Y']","['Omega Ruby', 'Alpha Sapphire']","['Sun', 'Moon']",[],[],"['Sword', 'Shield']","['Brilliant Diamond', 'Shining Pearl']",['Legends Arceus'],"['Scarlet', 'Violet']",[]
404,Luxio,,[],[],[],[],"['Diamond', 'Pearl', 'Platinum']","['Heart Gold', 'Soul Silver']",['White'],[],"['X', 'Y']","['Omega Ruby', 'Alpha Sapphire']","['Sun', 'Moon']",[],[],"['Sword', 'Shield']","['Brilliant Diamond', 'Shining Pearl']",['Legends Arceus'],"['Scarlet', 'Violet']",[]
405,Luxray,,[],[],[],[],"['Diamond', 'Pearl', 'Platinum']","['Heart Gold', 'Soul Silver']",['White'],[],"['X', 'Y']","['Omega Ruby', 'Alpha Sapphire']","['Sun', 'Moon']",[],[],"['Sword', 'Shield']","['Brilliant Diamond', 'Shining Pearl']",['Legends Arceus'],"['Scarlet', 'Violet']",[]
406,Budew,,[],[],[],[],"['Diamond', 'Pearl', 'Platinum']","['Heart Gold', 'Soul Silver']",['White'],"['Black 2', 'White 2']","['X', 'Y']","['Omega Ruby', 'Alpha Sapphire']","['Sun', 'Moon']",[],[],"['Sword', 'Shield']","['Brilliant Diamond', 'Shining Pearl']",['Legends Arceus'],[],['Legends ZA']
407,Roserade,,[],[],[],[],"['Diamond', 'Pearl', 'Platinum']","['Heart Gold', 'Soul Silver']",['White'],"['Black 2', 'White 2']","['X', 'Y']","['Omega Ruby', 'Alpha Sapphire']","['Sun', 'Moon']",[],[],"['Sword', 'Shield']","['Brilliant Diamond', 'Shining Pearl']",['Legends Arceus'],[],['Legends ZA']
408,Cranidos,,[],[],[],[],"['Diamond', 'Platinum']",[],"['Black', 'White']","['Black 2', 'White 2']","['X', 'Y']",['Alpha Sapphire'],['Sun'],[],[],[],['Brilliant Diamond'],['Legends Arceus'],['Scarlet'],[]
409,Rampardos,,[],[],[],[],"['Diamond', 'Platinum']",[],"['Black', 'White']","['Black 2', 'White 2']","['X', 'Y']",['Alpha Sapphire'],['Sun'],[],[],[],['Brilliant Diamond'],['Legends Arceus'],['Scarlet'],[]
410,Shieldon,,[],[],[],[],['Platinum'],[],"['Black', 'White']","['Black 2', 'White 2']","['X', 'Y']",['Omega Ruby'],['Moon'],[],[],[],['Shining Pearl'],['Legends Arceus'],['Violet'],[]
411,Bastiodon,,[],[],[],[],['Platinum'],[],"['Black', 'White']","['Black 2', 'White 2']","['X', 'Y']",['Omega Ruby'],['Moon'],[],[],[],['Shining Pearl'],['Legends Arceus'],['Violet'],[]
412,Burmy,,[],[],[],[],"['Diamond', 'Pearl', 'Platinum']","['Heart Gold', 'Soul Silver']",[],[],"['X', 'Y']",[],[],[],[],[],"['Brilliant Diamond', 'Shining Pearl']",['Legends Arceus'],[],[]
413,Wormadam,,[],[],[],[],"['Diamond', 'Pearl', 'Platinum']","['Heart Gold', 'Soul Silver']",[],[],"['X', 'Y']",[],[],[],[],[],"['Brilliant Diamond', 'Shining Pearl']",['Legends Arceus'],[],[]
413,Wormadam,Sandy Cloak,[],[],[],[],[],[],[],[],[],[],[],[],[],[],"['Brilliant Diamond', 'Shining Pearl']",['Legends Arceus'],[],[]
413,Wormadam,Trash Cloak,[],[],[],[],[],[],[],[],[],[],[],[],[],[],"['Brilliant Diamond', 'Shining Pearl']",['Legends Arceus'],[],[]
414,Mothim,,[],[],[],[],"['Diamond', 'Pearl', 'Platinum']","['Heart Gold', 'Soul Silver']",[],[],"['X', 'Y']",[],[],[],[],[],"['Brilliant Diamond', 'Shining Pearl']",['Legends Arceus'],[],[]
415,Combee,,[],[],[],[],"['Diamond', 'Pearl', 'Platinum']","['Heart Gold', 'Soul Silver']","['Black', 'White']","['Black 2', 'White 2']","['X', 'Y']",[],[],[],[],"['Sword', 'Shield']","['Brilliant Diamond', 'Shining Pearl']",['Legends Arceus'],"['Scarlet', 'Violet']",[]
416,Vespiquen,,[],[],[],[],"['Diamond', 'Pearl', 'Platinum']","['Heart Gold', 'Soul Silver']","['Black', 'White']","['Black 2', 'White 2']","['X', 'Y']",[],[],[],[],"['Sword', 'Shield']","['Brilliant Diamond', 'Shining Pearl']",['Legends Arceus'],"['Scarlet', 'Violet']",[]
417,Pachirisu,,[],[],[],[],"['Diamond', 'Pearl', 'Platinum']","['Heart Gold', 'Soul Silver']",[],"['Black 2', 'White 2']","['X', 'Y']",[],[],[],[],[],"['Brilliant Diamond', 'Shining Pearl']",['Legends Arceus'],"['Scarlet', 'Violet']",[]
418,Buizel,,[],[],[],[],"['Diamond', 'Pearl', 'Platinum']","['Heart Gold', 'Soul Silver']","['Black', 'White']","['Black 2', 'White 2']","['X', 'Y']",[],[],[],[],[],"['Brilliant Diamond', 'Shining Pearl']",['Legends Arceus'],"['Scarlet', 'Violet']",[]
419,Floatzel,,[],[],[],[],"['Diamond', 'Pearl', 'Platinum']","['Heart Gold', 'Soul Silver']","['Black', 'White']","['Black 2', 'White 2']","['X', 'Y']",[],[],[],[],[],"['Brilliant Diamond', 'Shining Pearl']",['Legends Arceus'],"['Scarlet', 'Violet']",[]
420,Cherubi,,[],[],[],[],"['Diamond', 'Pearl', 'Platinum']","['Heart Gold', 'Soul Silver']","['Black', 'White']",[],[],"['Omega Ruby', 'Alpha Sapphire']",[],[],[],"['Sword', 'Shield']","['Brilliant Diamond', 'Shining Pearl']",['Legends Arceus'],[],[]
421,Cherrim,,[],[],[],[],"['Diamond', 'Pearl', 'Platinum']","['Heart Gold', 'Soul Silver']","['Black', 'White']",[],[],"['Omega Ruby', 'Alpha Sapphire']",[],[],[],"['Sword', 'Shield']","['Brilliant Diamond', 'Shining Pearl']",['Legends Arceus'],[],[]
421,Cherrim,Sunshine Form,[],[],[],[],[],[],[],[],[],[],[],[],[],"['Sword', 'Shield']",[],[],[],[]
422,Shellos,,[],[],[],[],"['Diamond', 'Pearl', 'Platinum']","['Heart Gold', 'Soul Silver']",[],"['Black 2', 'White 2']","['X', 'Y']","['Omega Ruby', 'Alpha Sapphire']","['Sun', 'Moon']",[],[],"['Sword', 'Shield']","['Brilliant Diamond', 'Shining Pearl']",['Legends Arceus'],[],[]
422,Shellos,East Sea,[],[],[],[],[],[],[],[],[],['Alpha Sapphire'],[],[],[],[],[],[],"['Scarlet', 'Violet']",[]
422,Shellos,West Sea,[],[],[],[],[],[],[],[],[],['Omega Ruby'],[],[],[],[],"['Brilliant Diamond', 'Shining Pearl']",[],"['Scarlet', 'Violet']",[]
423,Gastrodon,,[],[],[],[],"['Diamond', 'Pearl', 'Platinum']","['Heart Gold', 'Soul Silver']",[],"['Black 2', 'White 2']","['X', 'Y']","['Omega Ruby', 'Alpha Sapphire']","['Sun', 'Moon']",[],[],"['Sword', 'Shield']","['Brilliant Diamond', 'Shining Pearl']",['Legends Arceus'],[],[]
423,Gastrodon,East Sea,[],[],[],[],[],[],[],[],[],['Alpha Sapphire'],[],[],[],[],[],[],"['Scarlet', 'Violet']",[]
423,Gastrodon,West Sea,[],[],[],[],[],[],[],[],[],['Omega Ruby'],[],[],[],[],"['Brilliant Diamond', 'Shining Pearl']",[],"['Scarlet', 'Violet']",[]
424,Ambipom,,[],[],[],[],"['Diamond', 'Pearl', 'Platinum']","['Heart Gold', 'Soul Silver']",[],"['Black 2', 'White 2']","['X', 'Y']","['Omega Ruby', 'Alpha Sapphire']",[],[],[],[],"['Brilliant Diamond', 'Shining Pearl']",['Legends Arceus'],['Violet'],[]
425,Drifloon,,[],[],[],[],"['Diamond', 'Pearl', 'Platinum']",[],"['Black', 'White']","['Black 2', 'White 2']","['X', 'Y']","['Omega Ruby', 'Alpha Sapphire']","['Sun', 'Moon']",[],[],"['Sword', 'Shield']","['Brilliant Diamond', 'Shining Pearl']",['Legends Arceus'],['Scarlet'],[]
426,Drifblim,,[],[],[],[],"['Diamond', 'Pearl', 'Platinum']",[],"['Black', 'White']","['Black 2', 'White 2']","['X', 'Y']","['Omega Ruby', 'Alpha Sapphire']","['Sun', 'Moon']",[],[],"['Sword', 'Shield']","['Brilliant Diamond', 'Shining Pearl']",['Legends Arceus'],['Scarlet'],[]
427,Buneary,,[],[],[],[],"['Diamond', 'Pearl', 'Platinum']","['Heart Gold', 'Soul Silver']",[],['Black 2'],[],"['Omega Ruby', 'Alpha Sapphire']",[],[],[],"['Sword', 'Shield']","['Brilliant Diamond', 'Shining Pearl']",['Legends Arceus'],[],['Legends ZA']
428,Lopunny,,[],[],[],[],"['Diamond', 'Pearl', 'Platinum']","['Heart Gold', 'Soul Silver']",[],['Black 2'],[],"['Omega Ruby', 'Alpha Sapphire']",[],[],[],"['Sword', 'Shield']","['Brilliant Diamond', 'Shining Pearl']",['Legends Arceus'],[],['Legends ZA']
429,Mismagius,,[],[],[],[],"['Diamond', 'Pearl', 'Platinum']","['Heart Gold', 'Soul Silver']",['White'],[],[],"['Omega Ruby', 'Alpha Sapphire']","['Sun', 'Moon']",[],[],[],['Shining Pearl'],['Legends Arceus'],['Violet'],[]
430,Honchkrow,,[],[],[],[],['Diamond'],"['Heart Gold', 'Soul Silver']",['Black'],"['Black 2', 'White 2']","['X', 'Y']","['Omega Ruby', 'Alpha Sapphire']","['Sun', 'Moon']",[],[],[],['Brilliant Diamond'],['Legends Arceus'],"['Scarlet', 'Violet']",[]
431,Glameow,,[],[],[],[],"['Diamond', 'Pearl', 'Platinum']",[],[],['White 2'],[],"['Omega Ruby', 'Alpha Sapphire']",[],[],[],[],['Shining Pearl'],['Legends Arceus'],[],[]
432,Purugly,,[],[],[],[],"['Diamond', 'Pearl', 'Platinum']",[],[],['White 2'],[],"['Omega Ruby', 'Alpha Sapphire']",[],[],[],[],['Shining Pearl'],['Legends Arceus'],[],[]
433,Chingling,,[],[],[],[],"['Diamond', 'Pearl', 'Platinum']","['Heart Gold', 'Soul Silver']","['Black', 'White']",[],"['X', 'Y']","['Omega Ruby', 'Alpha Sapphire']",[],[],[],[],"['Brilliant Diamond', 'Shining Pearl']",['Legends Arceus'],"['Scarlet', 'Violet']",['Legends ZA']
434,Stunky,,[],[],[],[],['Diamond'],[],[],['Black 2'],"['X', 'Y']",[],[],[],[],"['Sword', 'Shield']",['Brilliant Diamond'],['Legends Arceus'],['Scarlet'],[]
435,Skuntank,,[],[],[],[],['Diamond'],[],[],['Black 2'],"['X', 'Y']",[],[],[],[],"['Sword', 'Shield']",['Brilliant Diamond'],['Legends Arceus'],['Scarlet'],[]
436,Bronzor,,[],[],[],[],"['Diamond', 'Pearl', 'Platinum']","['Heart Gold', 'Soul Silver']","['Black', 'White']","['Black 2', 'White 2']","['X', 'Y']","['Omega Ruby', 'Alpha Sapphire']",[],[],[],"['Sword', 'Shield']","['Brilliant Diamond', 'Shining Pearl']",['Legends Arceus'],"['Scarlet', 'Violet']",[]
437,Bronzong,,[],[],[],[],"['Diamond', 'Pearl', 'Platinum']","['Heart Gold', 'Soul Silver']","['Black', 'White']","['Black 2', 'White 2']","['X', 'Y']","['Omega Ruby', 'Alpha Sapphire']",[],[],[],"['Sword', 'Shield']","['Brilliant Diamond', 'Shining Pearl']",['Legends Arceus'],"['Scarlet', 'Violet']",[]
438,Bonsly,,[],[],[],[],"['Diamond', 'Pearl', 'Platinum']","['Heart Gold', 'Soul Silver']",[],['Black 2'],"['X', 'Y']",[],"['Sun', 'Moon']",[],[],"['Sword', 'Shield']","['Brilliant Diamond', 'Shining Pearl']",['Legends Arceus'],"['Scarlet', 'Violet']",[]
439,Mime Jr.,,[],[],[],[],"['Diamond', 'Pearl', 'Platinum']","['Heart Gold', 'Soul Silver']",[],['White 2'],"['X', 'Y']",[],[],[],[],"['Sword', 'Shield']","['Brilliant Diamond', 'Shining Pearl']",['Legends Arceus'],[],['Legends ZA']
440,Happiny,,[],[],[],[],"['Diamond', 'Pearl', 'Platinum']","['Heart Gold', 'Soul Silver']",['White'],"['Black 2', 'White 2']","['X', 'Y']","['Omega Ruby', 'Alpha Sapphire']","['Sun', 'Moon']",[],[],"['Sword', 'Shield']","['Brilliant Diamond', 'Shining Pearl']",['Legends Arceus'],"['Scarlet', 'Violet']",[]
441,Chatot,,[],[],[],[],"['Diamond', 'Pearl', 'Platinum']","['Heart Gold', 'Soul Silver']",[],"['Black 2', 'White 2']","['X', 'Y']","['Omega Ruby', 'Alpha Sapphire']",[],[],[],[],"['Brilliant Diamond', 'Shining Pearl']",['Legends Arceus'],[],[]
442,Spiritomb,,[],[],[],[],"['Diamond', 'Pearl', 'Platinum']","['Heart Gold', 'Soul Silver']",[],"['Black 2', 'White 2']","['X', 'Y']","['Omega Ruby', 'Alpha Sapphire']",[],[],[],"['Sword', 'Shield']","['Brilliant Diamond', 'Shining Pearl']",['Legends Arceus'],"['Scarlet', 'Violet']",[]
443,Gible,,[],[],[],[],"['Diamond', 'Pearl', 'Platinum']","['Heart Gold', 'Soul Silver']",[],['Black 2'],"['X', 'Y']","['Omega Ruby', 'Alpha Sapphire']","['Sun', 'Moon']",[],[],"['Sword', 'Shield']","['Brilliant Diamond', 'Shining Pearl']",['Legends Arceus'],"['Scarlet', 'Violet']",['Legends ZA']
444,Gabite,,[],[],[],[],"['Diamond', 'Pearl', 'Platinum']","['Heart Gold', 'Soul Silver']",[],['Black 2'],"['X', 'Y']","['Omega Ruby', 'Alpha Sapphire']","['Sun', 'Moon']",[],[],"['Sword', 'Shield']","['Brilliant Diamond', 'Shining Pearl']",['Legends Arceus'],"['Scarlet', 'Violet']",['Legends ZA']
445,Garchomp,,[],[],[],[],"['Diamond', 'Pearl', 'Platinum']","['Heart Gold', 'Soul Silver']",[],['Black 2'],"['X', 'Y']","['Omega Ruby', 'Alpha Sapphire']","['Sun', 'Moon']",[],[],"['Sword', 'Shield']","['Brilliant Diamond', 'Shining Pearl']",['Legends Arceus'],"['Scarlet', 'Violet']",['Legends ZA']
446,Munchlax,,[],[],[],[],"['Diamond', 'Pearl', 'Platinum']","['Heart Gold', 'Soul Silver']","['Black', 'White']","['Black 2', 'White 2']","['X', 'Y']",[],"['Sun', 'Moon']",[],[],"['Sword', 'Shield']","['Brilliant Diamond', 'Shining Pearl']",['Legends Arceus'],"['Scarlet', 'Violet']",[]
447,Riolu,,[],[],[],[],"['Diamond', 'Pearl', 'Platinum']","['Heart Gold', 'Soul Silver']","['Black', 'White']","['Black 2', 'White 2']","['X', 'Y']",[],"['Sun', 'Moon']",[],[],"['Sword', 'Shield']","['Brilliant Diamond', 'Shining Pearl']",['Legends Arceus'],"['Scarlet', 'Violet']",['Legends ZA']
448,Lucario,,[],[],[],[],"['Diamond', 'Pearl', 'Platinum']","['Heart Gold', 'Soul Silver']","['Black', 'White']","['Black 2', 'White 2']","['X', 'Y']",[],"['Sun', 'Moon']",[],[],"['Sword', 'Shield']","['Brilliant Diamond', 'Shining Pearl']",['Legends Arceus'],"['Scarlet', 'Violet']",['Legends ZA']
449,Hippopotas,,[],[],[],[],"['Diamond', 'Pearl', 'Platinum']","['Heart Gold', 'Soul Silver']","['Black', 'White']","['Black 2', 'White 2']","['X', 'Y']",[],[],[],[],"['Sword', 'Shield']","['Brilliant Diamond', 'Shining Pearl']",['Legends Arceus'],"['Scarlet', 'Violet']",['Legends ZA']
450,Hippowdon,,[],[],[],[],"['Diamond', 'Pearl', 'Platinum']","['Heart Gold', 'Soul Silver']","['Black', 'White']","['Black 2', 'White 2']","['X', 'Y']",[],[],[],[],"['Sword', 'Shield']","['Brilliant Diamond', 'Shining Pearl']",['Legends Arceus'],"['Scarlet', 'Violet']",['Legends ZA']
451,Skorupi,,[],[],[],[],"['Diamond', 'Pearl', 'Platinum']","['Heart Gold', 'Soul Silver']",[],"['Black 2', 'White 2']","['X', 'Y']","['Omega Ruby', 'Alpha Sapphire']",[],[],[],"['Sword', 'Shield']","['Brilliant Diamond', 'Shining Pearl']",['Legends Arceus'],[],[]
452,Drapion,,[],[],[],[],"['Diamond', 'Pearl', 'Platinum']","['Heart Gold', 'Soul Silver']",[],"['Black 2', 'White 2']","['X', 'Y']","['Omega Ruby', 'Alpha Sapphire']",[],[],[],"['Sword', 'Shield']","['Brilliant Diamond', 'Shining Pearl']",['Legends Arceus'],[],[]
453,Croagunk,,[],[],[],[],"['Diamond', 'Pearl', 'Platinum']","['Heart Gold', 'Soul Silver']","['Black', 'White']","['Black 2', 'White 2']","['X', 'Y']",[],[],[],[],"['Sword', 'Shield']","['Brilliant Diamond', 'Shining Pearl']",['Legends Arceus'],"['Scarlet', 'Violet']",[]
454,Toxicroak,,[],[],[],[],"['Diamond', 'Pearl', 'Platinum']","['Heart Gold', 'Soul Silver']","['Black', 'White']","['Black 2', 'White 2']","['X', 'Y']",[],[],[],[],"['Sword', 'Shield']","['Brilliant Diamond', 'Shining Pearl']",['Legends Arceus'],"['Scarlet', 'Violet']",[]
455,Carnivine,,[],[],[],[],"['Diamond', 'Pearl', 'Platinum']","['Heart Gold', 'Soul Silver']",[],"['Black 2', 'White 2']","['X', 'Y']",[],[],[],[],[],"['Brilliant Diamond', 'Shining Pearl']",['Legends Arceus'],[],[]
456,Finneon,,[],[],[],[],"['Diamond', 'Pearl', 'Platinum']","['Heart Gold', 'Soul Silver']","['Black', 'White']","['Black 2', 'White 2']",[],"['Omega Ruby', 'Alpha Sapphire']","['Sun', 'Moon']",[],[],[],"['Brilliant Diamond', 'Shining Pearl']",['Legends Arceus'],"['Scarlet', 'Violet']",[]
457,Lumineon,,[],[],[],[],"['Diamond', 'Pearl', 'Platinum']","['Heart Gold', 'Soul Silver']","['Black', 'White']","['Black 2', 'White 2']",[],"['Omega Ruby', 'Alpha Sapphire']","['Sun', 'Moon']",[],[],[],"['Brilliant Diamond', 'Shining Pearl']",['Legends Arceus'],"['Scarlet', 'Violet']",[]
458,Mantyke,,[],[],[],[],"['Diamond', 'Pearl', 'Platinum']",['Heart Gold'],"['Black', 'White']","['Black 2', 'White 2']","['X', 'Y']","['Omega Ruby', 'Alpha Sapphire']",[],[],[],"['Sword', 'Shield']","['Brilliant Diamond', 'Shining Pearl']",['Legends Arceus'],[],[]
459,Snover,,[],[],[],[],"['Diamond', 'Pearl', 'Platinum']","['Heart Gold', 'Soul Silver']",[],[],"['X', 'Y']",[],[],[],[],"['Sword', 'Shield']","['Brilliant Diamond', 'Shining Pearl']",['Legends Arceus'],"['Scarlet', 'Violet']",['Legends ZA']
460,Abomasnow,,[],[],[],[],"['Diamond', 'Pearl', 'Platinum']","['Heart Gold', 'Soul Silver']",[],[],"['X', 'Y']",[],[],[],[],"['Sword', 'Shield']","['Brilliant Diamond', 'Shining Pearl']",['Legends Arceus'],"['Scarlet', 'Violet']",['Legends ZA']
461,Weavile,,[],[],[],[],"['Diamond', 'Pearl', 'Platinum']","['Heart Gold', 'Soul Silver']","['Black', 'White']","['Black 2', 'White 2']","['X', 'Y']",[],"['Sun', 'Moon']",[],[],"['Sword', 'Shield']","['Brilliant Diamond', 'Shining Pearl']",['Legends Arceus'],"['Scarlet', 'Violet']",[]
462,Magnezone,,[],[],[],[],"['Diamond', 'Pearl', 'Platinum']",[],['White'],"['Black 2', 'White 2']","['X', 'Y']","['Omega Ruby', 'Alpha Sapphire']","['Sun', 'Moon']",[],[],"['Sword', 'Shield']","['Brilliant Diamond', 'Shining Pearl']",['Legends Arceus'],"['Scarlet', 'Violet']",[]
463,Lickilicky,,[],[],[],[],"['Diamond', 'Pearl', 'Platinum']","['Heart Gold', 'Soul Silver']","['Black', 'White']","['Black 2', 'White 2']","['X', 'Y']",[],[],[],[],"['Sword', 'Shield']","['Brilliant Diamond', 'Shining Pearl']",['Legends Arceus'],[],[]
464,Rhyperior,,[],[],[],[],"['Diamond', 'Pearl', 'Platinum']","['Heart Gold', 'Soul Silver']","['Black', 'White']","['Black 2', 'White 2']","['X', 'Y']","['Omega Ruby', 'Alpha Sapphire']","['Sun', 'Moon']",[],[],"['Sword', 'Shield']","['Brilliant Diamond', 'Shining Pearl']",['Legends Arceus'],"['Scarlet', 'Violet']",[]
465,Tangrowth,,[],[],[],[],['Platinum'],"['Heart Gold', 'Soul Silver']","['Black', 'White']","['Black 2', 'White 2']","['X', 'Y']","['Omega Ruby', 'Alpha Sapphire']",[],[],[],"['Sword', 'Shield']","['Brilliant Diamond', 'Shining Pearl']",['Legends Arceus'],[],[]
466,Electivire,,[],[],[],[],"['Diamond', 'Pearl', 'Platinum']","['Heart Gold', 'Soul Silver']","['Black', 'White']",['White 2'],"['X', 'Y']","['Omega Ruby', 'Alpha Sapphire']","['Sun', 'Moon']",[],[],"['Sword', 'Shield']","['Brilliant Diamond', 'Shining Pearl']",['Legends Arceus'],"['Scarlet', 'Violet']",[]
467,Magmortar,,[],[],[],[],"['Diamond', 'Pearl', 'Platinum']","['Heart Gold', 'Soul Silver']","['Black', 'White']",['Black 2'],"['X', 'Y']","['Omega Ruby', 'Alpha Sapphire']","['Sun', 'Moon']",[],[],"['Sword', 'Shield']","['Brilliant Diamond', 'Shining Pearl']",['Legends Arceus'],"['Scarlet', 'Violet']",[]
468,Togekiss,,[],[],[],[],"['Diamond', 'Pearl', 'Platinum']","['Heart Gold', 'Soul Silver']",['White'],"['Black 2', 'White 2']","['X', 'Y']","['Omega Ruby', 'Alpha Sapphire']","['Sun', 'Moon']",[],[],"['Sword', 'Shield']","['Brilliant Diamond', 'Shining Pearl']",['Legends Arceus'],[],[]
469,Yanmega,,[],[],[],[],"['Diamond', 'Pearl', 'Platinum']","['Heart Gold', 'Soul Silver']","['Black', 'White']","['Black 2', 'White 2']","['X', 'Y']",[],[],[],[],[],"['Brilliant Diamond', 'Shining Pearl']",['Legends Arceus'],"['Scarlet', 'Violet']",[]
470,Leafeon,,[],[],[],[],"['Diamond', 'Pearl', 'Platinum']",[],[],"['Black 2', 'White 2']","['X', 'Y']","['Omega Ruby', 'Alpha Sapphire']","['Sun', 'Moon']",[],[],"['Sword', 'Shield']","['Brilliant Diamond', 'Shining Pearl']",['Legends Arceus'],"['Scarlet', 'Violet']",['Legends ZA']
471,Glaceon,,[],[],[],[],"['Diamond', 'Pearl', 'Platinum']",[],[],"['Black 2', 'White 2']","['X', 'Y']","['Omega Ruby', 'Alpha Sapphire']","['Sun', 'Moon']",[],[],"['Sword', 'Shield']","['Brilliant Diamond', 'Shining Pearl']",['Legends Arceus'],"['Scarlet', 'Violet']",['Legends ZA']
472,Gliscor,,[],[],[],[],['Platinum'],['Heart Gold'],"['Black', 'White']","['Black 2', 'White 2']","['X', 'Y']",[],[],[],[],[],['Brilliant Diamond'],['Legends Arceus'],['Scarlet'],[]
473,Mamoswine,,[],[],[],[],"['Diamond', 'Pearl', 'Platinum']","['Heart Gold', 'Soul Silver']","['Black', 'White']","['Black 2', 'White 2']","['X', 'Y']",[],"['Sun', 'Moon']",[],[],"['Sword', 'Shield']","['Brilliant Diamond', 'Shining Pearl']",['Legends Arceus'],"['Scarlet', 'Violet']",[]
474,Porygon-Z,,[],[],[],[],"['Diamond', 'Pearl', 'Platinum']","['Heart Gold', 'Soul Silver']","['Black', 'White']",[],[],"['Omega Ruby', 'Alpha Sapphire']","['Sun', 'Moon']",[],[],"['Sword', 'Shield']","['Brilliant Diamond', 'Shining Pearl']",['Legends Arceus'],"['Scarlet', 'Violet']",['Legends ZA']
475,Gallade,,[],[],[],[],"['Diamond', 'Pearl', 'Platinum']","['Heart Gold', 'Soul Silver']",['White'],"['Black 2', 'White 2']","['X', 'Y']","['Omega Ruby', 'Alpha Sapphire']",[],[],[],"['Sword', 'Shield']","['Brilliant Diamond', 'Shining Pearl']",['Legends Arceus'],"['Scarlet', 'Violet']",['Legends ZA']
476,Probopass,,[],[],[],[],"['Diamond', 'Pearl', 'Platinum']",[],[],"['Black 2', 'White 2']","['X', 'Y']","['Omega Ruby', 'Alpha Sapphire']","['Sun', 'Moon']",[],[],[],"['Brilliant Diamond', 'Shining Pearl']",['Legends Arceus'],"['Scarlet', 'Violet']",[]
477,Dusknoir,,[],[],[],[],"['Diamond', 'Pearl', 'Platinum']","['Heart Gold', 'Soul Silver']",[],[],"['X', 'Y']","['Omega Ruby', 'Alpha Sapphire']",[],[],[],"['Sword', 'Shield']","['Brilliant Diamond', 'Shining Pearl']",['Legends Arceus'],"['Scarlet', 'Violet']",[]
478,Froslass,,[],[],[],[],"['Diamond', 'Pearl', 'Platinum']","['Heart Gold', 'Soul Silver']",[],[],"['X', 'Y']","['Omega Ruby', 'Alpha Sapphire']","['Sun', 'Moon']",[],[],"['Sword', 'Shield']","['Brilliant Diamond', 'Shining Pearl']",['Legends Arceus'],"['Scarlet', 'Violet']",['Legends ZA']
479,Fan Rotom,,[],[],[],[],[],[],[],[],[],[],[],[],[],"['Sword', 'Shield']","['Brilliant Diamond', 'Shining Pearl']",[],[],[]
479,Frost Rotom,,[],[],[],[],[],[],[],[],[],[],[],[],[],"['Sword', 'Shield']","['Brilliant Diamond', 'Shining Pearl']",[],[],[]
479,Heat Rotom,,[],[],[],[],[],[],[],[],[],[],[],[],[],"['Sword', 'Shield']","['Brilliant Diamond', 'Shining Pearl']",[],[],[]
479,Mow Rotom,,[],[],[],[],[],[],[],[],[],[],[],[],[],"['Sword', 'Shield']","['Brilliant Diamond', 'Shining Pearl']",[],[],[]
479,Rotom,,[],[],[],[],"['Diamond', 'Pearl', 'Platinum']",[],"['Black', 'White']","['Black 2', 'White 2']","['X', 'Y']",[],[],[],[],"['Sword', 'Shield']","['Brilliant Diamond', 'Shining Pearl']",['Legends Arceus'],"['Scarlet', 'Violet']",['Legends ZA']
479,Rotom,Fan,[],[],[],[],[],[],[],[],[],[],[],[],[],[],[],['Legends Arceus'],"['Scarlet', 'Violet']",['Legends ZA']
479,Rotom,Frost,[],[],[],[],[],[],[],[],[],[],[],[],[],[],[],['Legends Arceus'],"['Scarlet', 'Violet']",['Legends ZA']
479,Rotom,Heat,[],[],[],[],[],[],[],[],[],[],[],[],[],[],[],['Legends Arceus'],"['Scarlet', 'Violet']",['Legends ZA']
479,Rotom,Mow,[],[],[],[],[],[],[],[],[],[],[],[],[],[],[],['Legends Arceus'],"['Scarlet', 'Violet']",['Legends ZA']
479,Rotom,Wash,[],[],[],[],[],[],[],[],[],[],[],[],[],[],[],['Legends Arceus'],"['Scarlet', 'Violet']",['Legends ZA']
479,Wash Rotom,,[],[],[],[],[],[],[],[],[],[],[],[],[],"['Sword', 'Shield']","['Brilliant Diamond', 'Shining Pearl']",[],[],[]
480,Uxie,,[],[],[],[],"['Diamond', 'Pearl', 'Platinum']",[],[],"['Black 2', 'White 2']",[],"['Omega Ruby', 'Alpha Sapphire']",[],[],[],"['Sword', 'Shield']","['Brilliant Diamond', 'Shining Pearl']",['Legends Arceus'],"['Scarlet', 'Violet']",[]
481,Mesprit,,[],[],[],[],"['Diamond', 'Pearl', 'Platinum']",[],[],"['Black 2', 'White 2']",[],"['Omega Ruby', 'Alpha Sapphire']",[],[],[],"['Sword', 'Shield']","['Brilliant Diamond', 'Shining Pearl']",['Legends Arceus'],"['Scarlet', 'Violet']",[]
482,Azelf,,[],[],[],[],"['Diamond', 'Pearl', 'Platinum']",[],[],"['Black 2', 'White 2']",[],"['Omega Ruby', 'Alpha Sapphire']",[],[],[],"['Sword', 'Shield']","['Brilliant Diamond', 'Shining Pearl']",['Legends Arceus'],"['Scarlet', 'Violet']",[]
483,Dialga,,[],[],[],[],"['Diamond', 'Platinum']","['Heart Gold', 'Soul Silver']",[],"['Black 2', 'White 2']","['X', 'Y']",['Alpha Sapphire'],"['Sun', 'Moon']",['Ultra Sun'],[],['Sword'],['Brilliant Diamond'],['Legends Arceus'],['Scarlet'],[]
483,Dialga,Origin Forme,[],[],[],[],[],[],[],[],[],[],[],[],[],[],[],['Legends Arceus'],"['Scarlet', 'Violet']",[]
484,Palkia,,[],[],[],[],['Platinum'],"['Heart Gold', 'Soul Silver']",[],"['Black 2', 'White 2']","['X', 'Y']",['Omega Ruby'],"['Sun', 'Moon']",['Ultra Moon'],[],"['Sword', 'Shield']",['Shining Pearl'],['Legends Arceus'],['Violet'],[]
484,Palkia,Origin Forme,[],[],[],[],[],[],[],[],[],[],[],[],[],[],[],['Legends Arceus'],"['Scarlet', 'Violet']",[]
485,Heatran,,[],[],[],[],"['Diamond', 'Pearl', 'Platinum']",[],[],"['Black 2', 'White 2']",[],"['Omega Ruby', 'Alpha Sapphire']","['Sun', 'Moon']",['Ultra Sun'],[],"['Sword', 'Shield']","['Brilliant Diamond', 'Shining Pearl']",['Legends Arceus'],"['Scarlet', 'Violet']",['Legends ZA']
486,Regigigas,,[],[],[],[],"['Diamond', 'Pearl', 'Platinum']",[],[],"['Black 2', 'White 2']",[],"['Omega Ruby', 'Alpha Sapphire']","['Sun', 'Moon']",['Ultra Moon'],[],"['Sword', 'Shield']","['Brilliant Diamond', 'Shining Pearl']",['Legends Arceus'],"['Scarlet', 'Violet']",[]
487,Giratina,,[],[],[],[],"['Diamond', 'Pearl', 'Platinum']","['Heart Gold', 'Soul Silver']",[],"['Black 2', 'White 2']","['X', 'Y']","['Omega Ruby', 'Alpha Sapphire']",[],[],[],"['Sword', 'Shield']",[],['Legends Arceus'],[],[]
487,Giratina,Altered Forme,[],[],[],[],[],[],[],[],[],[],[],[],[],[],"['Brilliant Diamond', 'Shining Pearl']",[],"['Scarlet', 'Violet']",[]
487,Giratina,Origin Forme,[],[],[],[],['Platinum'],[],[],[],[],[],[],[],[],"['Sword', 'Shield']","['Brilliant Diamond', 'Shining Pearl']",['Legends Arceus'],"['Scarlet', 'Violet']",[]
488,Cresselia,,[],[],[],[],"['Diamond', 'Pearl', 'Platinum']",[],[],"['Black 2', 'White 2']",[],"['Omega Ruby', 'Alpha Sapphire']",[],[],[],"['Sword', 'Shield']","['Brilliant Diamond', 'Shining Pearl']",['Legends Arceus'],"['Scarlet', 'Violet']",[]
489,Phione,,[],[],[],[],"['Diamond', 'Pearl', 'Platinum']",[],[],[],"['X', 'Y']","['Omega Ruby', 'Alpha Sapphire']","['Sun', 'Moon']",[],[],[],"['Brilliant Diamond', 'Shining Pearl']",['Legends Arceus'],"['Scarlet', 'Violet']",[]
490,Manaphy,,[],[],[],[],"['Diamond', 'Pearl', 'Platinum']",[],[],[],"['X', 'Y']","['Omega Ruby', 'Alpha Sapphire']","['Sun', 'Moon']",[],[],[],"['Brilliant Diamond', 'Shining Pearl']",['Legends Arceus'],"['Scarlet', 'Violet']",[]
491,Darkrai,,[],[],[],[],"['Diamond', 'Pearl', 'Platinum']",[],[],[],"['X', 'Y']","['Omega Ruby', 'Alpha Sapphire']","['Sun', 'Moon']",[],[],[],"['Brilliant Diamond', 'Shining Pearl']",['Legends Arceus'],"['Scarlet', 'Violet']",['Legends ZA']
492,Shaymin,,[],[],[],[],"['Diamond', 'Pearl', 'Platinum']",[],[],[],[],"['Omega Ruby', 'Alpha Sapphire']","['Sun', 'Moon']",[],[],[],[],['Legends Arceus'],[],[]
492,Shaymin,Land Forme,[],[],[],[],[],[],[],[],[],[],[],[],[],[],"['Brilliant Diamond', 'Shining Pearl']",[],"['Scarlet', 'Violet']",[]
492,Shaymin,Sky Forme,[],[],[],[],[],[],[],[],[],[],[],[],[],[],"['Brilliant Diamond', 'Shining Pearl']",['Legends Arceus'],"['Scarlet', 'Violet']",[]
493,Arceus,,[],[],[],[],"['Diamond', 'Pearl', 'Platinum']",[],[],[],[],"['Omega Ruby', 'Alpha Sapphire']",[],[],[],[],"['Brilliant Diamond', 'Shining Pearl']",['Legends Arceus'],"['Scarlet', 'Violet']",[]
494,Victini,,[],[],[],[],[],[],"['Black', 'White']",[],"['X', 'Y']","['Omega Ruby', 'Alpha Sapphire']","['Sun', 'Moon']",[],[],"['Sword', 'Shield']",[],[],[],[]
495,Snivy,,[],[],[],[],[],[],"['Black', 'White']","['Black 2', 'White 2']",[],"['Omega Ruby', 'Alpha Sapphire']","['Sun', 'Moon']",[],[],[],[],[],"['Scarlet', 'Violet']",[]
496,Servine,,[],[],[],[],[],[],"['Black', 'White']","['Black 2', 'White 2']",[],"['Omega Ruby', 'Alpha Sapphire']","['Sun', 'Moon']",[],[],[],[],[],"['Scarlet', 'Violet']",[]
497,Serperior,,[],[],[],[],[],[],"['Black', 'White']","['Black 2', 'White 2']",[],"['Omega Ruby', 'Alpha Sapphire']","['Sun', 'Moon']",[],[],[],[],[],"['Scarlet', 'Violet']",[]
498,Tepig,,[],[],[],[],[],[],"['Black', 'White']","['Black 2', 'White 2']",[],"['Omega Ruby', 'Alpha Sapphire']","['Sun', 'Moon']",[],[],[],[],[],"['Scarlet', 'Violet']",['Legends ZA']
499,Pignite,,[],[],[],[],[],[],"['Black', 'White']","['Black 2', 'White 2']",[],"['Omega Ruby', 'Alpha Sapphire']","['Sun', 'Moon']",[],[],[],[],[],"['Scarlet', 'Violet']",['Legends ZA']
500,Emboar,,[],[],[],[],[],[],"['Black', 'White']","['Black 2', 'White 2']",[],"['Omega Ruby', 'Alpha Sapphire']","['Sun', 'Moon']",[],[],[],[],[],"['Scarlet', 'Violet']",['Legends ZA']
501,Oshawott,,[],[],[],[],[],[],"['Black', 'White']","['Black 2', 'White 2']",[],"['Omega Ruby', 'Alpha Sapphire']","['Sun', 'Moon']",[],[],[],[],['Legends Arceus'],"['Scarlet', 'Violet']",[]
502,Dewott,,[],[],[],[],[],[],"['Black', 'White']","['Black 2', 'White 2']",[],"['Omega Ruby', 'Alpha Sapphire']","['Sun', 'Moon']",[],[],[],[],['Legends Arceus'],"['Scarlet', 'Violet']",[]
503,Samurott,,[],[],[],[],[],[],"['Black', 'White']","['Black 2', 'White 2']",[],"['Omega Ruby', 'Alpha Sapphire']","['Sun', 'Moon']",[],[],[],[],[],"['Scarlet', 'Violet']",[]
503,Samurott,Hisuian,[],[],[],[],[],[],[],[],[],[],[],[],[],[],[],['Legends Arceus'],"['Scarlet', 'Violet']",[]
504,Patrat,,[],[],[],[],[],[],"['Black', 'White']","['Black 2', 'White 2']","['X', 'Y']",[],[],[],[],[],[],[],[],['Legends ZA']
505,Watchog,,[],[],[],[],[],[],"['Black', 'White']","['Black 2', 'White 2']","['X', 'Y']",[],[],[],[],[],[],[],[],['Legends ZA']
506,Lillipup,,[],[],[],[],[],[],"['Black', 'White']","['Black 2', 'White 2']","['X', 'Y']","['Omega Ruby', 'Alpha Sapphire']","['Sun', 'Moon']",[],[],"['Sword', 'Shield']",[],[],[],[]
507,Herdier,,[],[],[],[],[],[],"['Black', 'White']","['Black 2', 'White 2']","['X', 'Y']","['Omega Ruby', 'Alpha Sapphire']","['Sun', 'Moon']",[],[],"['Sword', 'Shield']",[],[],[],[]
508,Stoutland,,[],[],[],[],[],[],"['Black', 'White']","['Black 2', 'White 2']","['X', 'Y']","['Omega Ruby', 'Alpha Sapphire']","['Sun', 'Moon']",[],[],"['Sword', 'Shield']",[],[],[],[]
509,Purrloin,,[],[],[],[],[],[],"['Black', 'White']","['Black 2', 'White 2']",['Y'],[],[],[],[],"['Sword', 'Shield']",[],[],[],['Legends ZA']
510,Liepard,,[],[],[],[],[],[],"['Black', 'White']","['Black 2', 'White 2']",['Y'],[],[],[],[],"['Sword', 'Shield']",[],[],[],['Legends ZA']
511,Pansage,,[],[],[],[],[],[],"['Black', 'White']","['Black 2', 'White 2']","['X', 'Y']",[],[],[],[],[],[],[],[],['Legends ZA']
512,Simisage,,[],[],[],[],[],[],"['Black', 'White']","['Black 2', 'White 2']","['X', 'Y']",[],[],[],[],[],[],[],[],['Legends ZA']
513,Pansear,,[],[],[],[],[],[],"['Black', 'White']","['Black 2', 'White 2']","['X', 'Y']",[],[],[],[],[],[],[],[],['Legends ZA']
514,Simisear,,[],[],[],[],[],[],"['Black', 'White']","['Black 2', 'White 2']","['X', 'Y']",[],[],[],[],[],[],[],[],['Legends ZA']
515,Panpour,,[],[],[],[],[],[],"['Black', 'White']","['Black 2', 'White 2']","['X', 'Y']",[],[],[],[],[],[],[],[],['Legends ZA']
516,Simipour,,[],[],[],[],[],[],"['Black', 'White']","['Black 2', 'White 2']","['X', 'Y']",[],[],[],[],[],[],[],[],['Legends ZA']
517,Munna,,[],[],[],[],[],[],"['Black', 'White']","['Black 2', 'White 2']","['X', 'Y']","['Omega Ruby', 'Alpha Sapphire']",[],[],[],"['Sword', 'Shield']",[],[],[],['Legends ZA']
518,Musharna,,[],[],[],[],[],[],"['Black', 'White']","['Black 2', 'White 2']","['X', 'Y']","['Omega Ruby', 'Alpha Sapphire']",[],[],[],"['Sword', 'Shield']",[],[],[],['Legends ZA']
519,Pidove,,[],[],[],[],[],[],"['Black', 'White']","['Black 2', 'White 2']","['X', 'Y']","['Omega Ruby', 'Alpha Sapphire']",[],[],[],"['Sword', 'Shield']",[],[],[],[]
520,Tranquill,,[],[],[],[],[],[],"['Black', 'White']","['Black 2', 'White 2']","['X', 'Y']","['Omega Ruby', 'Alpha Sapphire']",[],[],[],"['Sword', 'Shield']",[],[],[],[]
521,Unfezant,,[],[],[],[],[],[],"['Black', 'White']","['Black 2', 'White 2']","['X', 'Y']","['Omega Ruby', 'Alpha Sapphire']",[],[],[],"['Sword', 'Shield']",[],[],[],[]
522,Blitzle,,[],[],[],[],[],[],"['Black', 'White']","['Black 2', 'White 2']","['X', 'Y']","['Omega Ruby', 'Alpha Sapphire']",[],[],[],[],[],[],"['Scarlet', 'Violet']",[]
523,Zebstrika,,[],[],[],[],[],[],"['Black', 'White']","['Black 2', 'White 2']","['X', 'Y']","['Omega Ruby', 'Alpha Sapphire']",[],[],[],[],[],[],"['Scarlet', 'Violet']",[]
524,Roggenrola,,[],[],[],[],[],[],"['Black', 'White']","['Black 2', 'White 2']","['X', 'Y']","['Omega Ruby', 'Alpha Sapphire']","['Sun', 'Moon']",[],[],"['Sword', 'Shield']",[],[],[],[]
525,Boldore,,[],[],[],[],[],[],"['Black', 'White']","['Black 2', 'White 2']","['X', 'Y']","['Omega Ruby', 'Alpha Sapphire']","['Sun', 'Moon']",[],[],"['Sword', 'Shield']",[],[],[],[]
526,Gigalith,,[],[],[],[],[],[],"['Black', 'White']","['Black 2', 'White 2']","['X', 'Y']","['Omega Ruby', 'Alpha Sapphire']","['Sun', 'Moon']",[],[],"['Sword', 'Shield']",[],[],[],[]
527,Woobat,,[],[],[],[],[],[],"['Black', 'White']","['Black 2', 'White 2']","['X', 'Y']",[],[],[],[],"['Sword', 'Shield']",[],[],[],[]
528,Swoobat,,[],[],[],[],[],[],"['Black', 'White']","['Black 2', 'White 2']","['X', 'Y']",[],[],[],[],"['Sword', 'Shield']",[],[],[],[]
529,Drilbur,,[],[],[],[],[],[],"['Black', 'White']","['Black 2', 'White 2']","['X', 'Y']","['Omega Ruby', 'Alpha Sapphire']",[],[],[],"['Sword', 'Shield']",[],[],"['Scarlet', 'Violet']",['Legends ZA']
530,Excadrill,,[],[],[],[],[],[],"['Black', 'White']","['Black 2', 'White 2']","['X', 'Y']","['Omega Ruby', 'Alpha Sapphire']",[],[],[],"['Sword', 'Shield']",[],[],"['Scarlet', 'Violet']",['Legends ZA']
531,Audino,,[],[],[],[],[],[],"['Black', 'White']","['Black 2', 'White 2']","['X', 'Y']","['Omega Ruby', 'Alpha Sapphire']",[],[],[],"['Sword', 'Shield']",[],[],[],['Legends ZA']
532,Timburr,,[],[],[],[],[],[],"['Black', 'White']","['Black 2', 'White 2']","['X', 'Y']","['Omega Ruby', 'Alpha Sapphire']","['Sun', 'Moon']",[],[],"['Sword', 'Shield']",[],[],"['Scarlet', 'Violet']",[]
533,Gurdurr,,[],[],[],[],[],[],"['Black', 'White']","['Black 2', 'White 2']","['X', 'Y']","['Omega Ruby', 'Alpha Sapphire']","['Sun', 'Moon']",[],[],"['Sword', 'Shield']",[],[],"['Scarlet', 'Violet']",[]
534,Conkeldurr,,[],[],[],[],[],[],"['Black', 'White']","['Black 2', 'White 2']","['X', 'Y']","['Omega Ruby', 'Alpha Sapphire']","['Sun', 'Moon']",[],[],"['Sword', 'Shield']",[],[],"['Scarlet', 'Violet']",[]
535,Tympole,,[],[],[],[],[],[],"['Black', 'White']","['Black 2', 'White 2']","['X', 'Y']","['Omega Ruby', 'Alpha Sapphire']",[],[],[],"['Sword', 'Shield']",[],[],[],[]
536,Palpitoad,,[],[],[],[],[],[],"['Black', 'White']","['Black 2', 'White 2']","['X', 'Y']","['Omega Ruby', 'Alpha Sapphire']",[],[],[],"['Sword', 'Shield']",[],[],[],[]
537,Seismitoad,,[],[],[],[],[],[],"['Black', 'White']","['Black 2', 'White 2']","['X', 'Y']","['Omega Ruby', 'Alpha Sapphire']",[],[],[],"['Sword', 'Shield']",[],[],[],[]
538,Throh,,[],[],[],[],[],[],"['Black', 'White']","['Black 2', 'White 2']",['Y'],['Omega Ruby'],[],[],[],"['Sword', 'Shield']",[],[],[],['Legends ZA']
539,Sawk,,[],[],[],[],[],[],"['Black', 'White']","['Black 2', 'White 2']",['X'],['Alpha Sapphire'],[],[],[],"['Sword', 'Shield']",[],[],[],['Legends ZA']
540,Sewaddle,,[],[],[],[],[],[],"['Black', 'White']","['Black 2', 'White 2']","['X', 'Y']","['Omega Ruby', 'Alpha Sapphire']","['Sun', 'Moon']",[],[],[],[],[],"['Scarlet', 'Violet']",[]
541,Swadloon,,[],[],[],[],[],[],"['Black', 'White']","['Black 2', 'White 2']","['X', 'Y']","['Omega Ruby', 'Alpha Sapphire']","['Sun', 'Moon']",[],[],[],[],[],"['Scarlet', 'Violet']",[]
542,Leavanny,,[],[],[],[],[],[],"['Black', 'White']","['Black 2', 'White 2']","['X', 'Y']","['Omega Ruby', 'Alpha Sapphire']","['Sun', 'Moon']",[],[],[],[],[],"['Scarlet', 'Violet']",[]
543,Venipede,,[],[],[],[],[],[],"['Black', 'White']","['Black 2', 'White 2']","['X', 'Y']",[],"['Sun', 'Moon']",[],[],"['Sword', 'Shield']",[],[],[],['Legends ZA']
544,Whirlipede,,[],[],[],[],[],[],"['Black', 'White']","['Black 2', 'White 2']","['X', 'Y']",[],"['Sun', 'Moon']",[],[],"['Sword', 'Shield']",[],[],[],['Legends ZA']
545,Scolipede,,[],[],[],[],[],[],"['Black', 'White']","['Black 2', 'White 2']","['X', 'Y']",[],"['Sun', 'Moon']",[],[],"['Sword', 'Shield']",[],[],[],['Legends ZA']
546,Cottonee,,[],[],[],[],[],[],"['Black', 'White']","['Black 2', 'White 2']",[],"['Omega Ruby', 'Alpha Sapphire']",['Sun'],['Ultra Sun'],[],"['Sword', 'Shield']",[],[],"['Scarlet', 'Violet']",[]
547,Whimsicott,,[],[],[],[],[],[],"['Black', 'White']","['Black 2', 'White 2']",[],"['Omega Ruby', 'Alpha Sapphire']",['Sun'],['Ultra Sun'],[],"['Sword', 'Shield']",[],[],"['Scarlet', 'Violet']",[]
548,Petilil,,[],[],[],[],[],[],"['Black', 'White']","['Black 2', 'White 2']","['X', 'Y']","['Omega Ruby', 'Alpha Sapphire']",['Moon'],['Ultra Moon'],[],"['Sword', 'Shield']",[],['Legends Arceus'],"['Scarlet', 'Violet']",[]
549,Lilligant,,[],[],[],[],[],[],"['Black', 'White']","['Black 2', 'White 2']","['X', 'Y']","['Omega Ruby', 'Alpha Sapphire']",['Moon'],['Ultra Moon'],[],"['Sword', 'Shield']",[],[],"['Scarlet', 'Violet']",[]
549,Lilligant,Hisuian,[],[],[],[],[],[],[],[],[],[],[],[],[],[],[],['Legends Arceus'],"['Scarlet', 'Violet']",[]
550,Basculin,,[],[],[],[],[],[],"['Black', 'White']","['Black 2', 'White 2']","['X', 'Y']",[],[],[],[],"['Sword', 'Shield']",[],['Legends Arceus'],"['Scarlet', 'Violet']",[]
550,Basculin,White Striped Form,[],[],[],[],[],[],[],[],[],[],[],[],[],[],[],[],"['Scarlet', 'Violet']",[]
551,Sandile,,[],[],[],[],[],[],"['Black', 'White']","['Black 2', 'White 2']","['X', 'Y']","['Omega Ruby', 'Alpha Sapphire']","['Sun', 'Moon']",[],[],"['Sword', 'Shield']",[],[],"['Scarlet', 'Violet']",['Legends ZA']
552,Krokorok,,[],[],[],[],[],[],"['Black', 'White']","['Black 2', 'White 2']","['X', 'Y']","['Omega Ruby', 'Alpha Sapphire']","['Sun', 'Moon']",[],[],"['Sword', 'Shield']",[],[],"['Scarlet', 'Violet']",['Legends ZA']
553,Krookodile,,[],[],[],[],[],[],"['Black', 'White']","['Black 2', 'White 2']","['X', 'Y']","['Omega Ruby', 'Alpha Sapphire']","['Sun', 'Moon']",[],[],"['Sword', 'Shield']",[],[],"['Scarlet', 'Violet']",['Legends ZA']
554,Darumaka,,[],[],[],[],[],[],"['Black', 'White']","['Black 2', 'White 2']",[],"['Omega Ruby', 'Alpha Sapphire']",[],[],[],"['Sword', 'Shield']",[],[],[],[]
554,Darumaka,Galarian,[],[],[],[],[],[],[],[],[],[],[],[],[],"['Sword', 'Shield']",[],[],[],[]
555,Darmanitan,,[],[],[],[],[],[],"['Black', 'White']","['Black 2', 'White 2']",[],"['Omega Ruby', 'Alpha Sapphire']",[],[],[],"['Sword', 'Shield']",[],[],[],[]
555,Darmanitan,Galarian,[],[],[],[],[],[],[],[],[],[],[],[],[],"['Sword', 'Shield']",[],[],[],[]
556,Maractus,,[],[],[],[],[],[],"['Black', 'White']","['Black 2', 'White 2']","['X', 'Y']","['Omega Ruby', 'Alpha Sapphire']",[],[],[],"['Sword', 'Shield']",[],[],[],[]
557,Dwebble,,[],[],[],[],[],[],"['Black', 'White']","['Black 2', 'White 2']","['X', 'Y']","['Omega Ruby', 'Alpha Sapphire']",[],[],[],"['Sword', 'Shield']",[],[],[],[]
558,Crustle,,[],[],[],[],[],[],"['Black', 'White']","['Black 2', 'White 2']","['X', 'Y']","['Omega Ruby', 'Alpha Sapphire']",[],[],[],"['Sword', 'Shield']",[],[],[],[]
559,Scraggy,,[],[],[],[],[],[],"['Black', 'White']","['Black 2', 'White 2']","['X', 'Y']","['Omega Ruby', 'Alpha Sapphire']",[],[],[],['Sword'],[],[],"['Scarlet', 'Violet']",['Legends ZA']
560,Scrafty,,[],[],[],[],[],[],"['Black', 'White']","['Black 2', 'White 2']","['X', 'Y']","['Omega Ruby', 'Alpha Sapphire']",[],[],[],['Sword'],[],[],"['Scarlet', 'Violet']",['Legends ZA']
561,Sigilyph,,[],[],[],[],[],[],"['Black', 'White']","['Black 2', 'White 2']","['X', 'Y']",[],[],[],[],"['Sword', 'Shield']",[],[],[],[]
562,Yamask,,[],[],[],[],[],[],"['Black', 'White']","['Black 2', 'White 2']",[],"['Omega Ruby', 'Alpha Sapphire']",[],[],[],"['Sword', 'Shield']",[],[],[],['Legends ZA']
562,Yamask,Galarian,[],[],[],[],[],[],[],[],[],[],[],[],[],"['Sword', 'Shield']",[],[],[],['Legends ZA']
563,Cofagrigus,,[],[],[],[],[],[],"['Black', 'White']","['Black 2', 'White 2']",[],"['Omega Ruby', 'Alpha Sapphire']",[],[],[],"['Sword', 'Shield']",[],[],[],['Legends ZA']
564,Tirtouga,,[],[],[],[],[],[],"['Black', 'White']","['Black 2', 'White 2']","['X', 'Y']",['Alpha Sapphire'],['Sun'],[],[],"['Sword', 'Shield']",[],[],[],[]
565,Carracosta,,[],[],[],[],[],[],"['Black', 'White']","['Black 2', 'White 2']","['X', 'Y']",['Alpha Sapphire'],['Sun'],[],[],"['Sword', 'Shield']",[],[],[],[]
566,Archen,,[],[],[],[],[],[],"['Black', 'White']","['Black 2', 'White 2']","['X', 'Y']",['Omega Ruby'],['Moon'],[],[],"['Sword', 'Shield']",[],[],[],[]
567,Archeops,,[],[],[],[],[],[],"['Black', 'White']","['Black 2', 'White 2']","['X', 'Y']",['Omega Ruby'],['Moon'],[],[],"['Sword', 'Shield']",[],[],[],[]
568,Trubbish,,[],[],[],[],[],[],"['Black', 'White']","['Black 2', 'White 2']","['X', 'Y']","['Omega Ruby', 'Alpha Sapphire']","['Sun', 'Moon']",[],[],"['Sword', 'Shield']",[],[],[],['Legends ZA']
569,Garbodor,,[],[],[],[],[],[],"['Black', 'White']","['Black 2', 'White 2']","['X', 'Y']","['Omega Ruby', 'Alpha Sapphire']","['Sun', 'Moon']",[],[],"['Sword', 'Shield']",[],[],[],['Legends ZA']
570,Zorua,,[],[],[],[],[],[],"['Black', 'White']","['Black 2', 'White 2']","['X', 'Y']","['Omega Ruby', 'Alpha Sapphire']",[],[],[],"['Sword', 'Shield']",[],[],"['Scarlet', 'Violet']",[]
570,Zorua,Hisuian,[],[],[],[],[],[],[],[],[],[],[],[],[],[],[],['Legends Arceus'],"['Scarlet', 'Violet']",[]
571,Zoroark,,[],[],[],[],[],[],"['Black', 'White']","['Black 2', 'White 2']","['X', 'Y']","['Omega Ruby', 'Alpha Sapphire']",[],[],[],"['Sword', 'Shield']",[],[],"['Scarlet', 'Violet']",[]
571,Zoroark,Hisuian,[],[],[],[],[],[],[],[],[],[],[],[],[],[],[],['Legends Arceus'],"['Scarlet', 'Violet']",[]
572,Minccino,,[],[],[],[],[],[],"['Black', 'White']","['Black 2', 'White 2']","['X', 'Y']","['Omega Ruby', 'Alpha Sapphire']",[],[],[],"['Sword', 'Shield']",[],[],"['Scarlet', 'Violet']",[]
573,Cinccino,,[],[],[],[],[],[],"['Black', 'White']","['Black 2', 'White 2']","['X', 'Y']","['Omega Ruby', 'Alpha Sapphire']",[],[],[],"['Sword', 'Shield']",[],[],"['Scarlet', 'Violet']",[]
574,Gothita,,[],[],[],[],[],[],['Black'],['Black 2'],"['X', 'Y']","['Omega Ruby', 'Alpha Sapphire']","['Sun', 'Moon']",[],[],['Sword'],[],[],"['Scarlet', 'Violet']",[]
575,Gothorita,,[],[],[],[],[],[],['Black'],['Black 2'],"['X', 'Y']","['Omega Ruby', 'Alpha Sapphire']","['Sun', 'Moon']",[],[],['Sword'],[],[],"['Scarlet', 'Violet']",[]
576,Gothitelle,,[],[],[],[],[],[],['Black'],['Black 2'],"['X', 'Y']","['Omega Ruby', 'Alpha Sapphire']","['Sun', 'Moon']",[],[],['Sword'],[],[],"['Scarlet', 'Violet']",[]
577,Solosis,,[],[],[],[],[],[],['White'],['White 2'],"['X', 'Y']",[],"['Sun', 'Moon']",[],[],"['Sword', 'Shield']",[],[],"['Scarlet', 'Violet']",[]
578,Duosion,,[],[],[],[],[],[],['White'],['White 2'],"['X', 'Y']",[],"['Sun', 'Moon']",[],[],"['Sword', 'Shield']",[],[],"['Scarlet', 'Violet']",[]
579,Reuniclus,,[],[],[],[],[],[],['White'],['White 2'],"['X', 'Y']",[],"['Sun', 'Moon']",[],[],"['Sword', 'Shield']",[],[],"['Scarlet', 'Violet']",[]
580,Ducklett,,[],[],[],[],[],[],"['Black', 'White']","['Black 2', 'White 2']","['X', 'Y']",[],[],[],[],[],[],[],"['Scarlet', 'Violet']",[]
581,Swanna,,[],[],[],[],[],[],"['Black', 'White']","['Black 2', 'White 2']","['X', 'Y']",[],[],[],[],[],[],[],"['Scarlet', 'Violet']",[]
582,Vanillite,,[],[],[],[],[],[],"['Black', 'White']","['Black 2', 'White 2']","['X', 'Y']",[],"['Sun', 'Moon']",[],[],"['Sword', 'Shield']",[],[],[],['Legends ZA']
583,Vanillish,,[],[],[],[],[],[],"['Black', 'White']","['Black 2', 'White 2']","['X', 'Y']",[],"['Sun', 'Moon']",[],[],"['Sword', 'Shield']",[],[],[],['Legends ZA']
584,Vanilluxe,,[],[],[],[],[],[],"['Black', 'White']","['Black 2', 'White 2']","['X', 'Y']",[],"['Sun', 'Moon']",[],[],"['Sword', 'Shield']",[],[],[],['Legends ZA']
585,Deerling,,[],[],[],[],[],[],"['Black', 'White']","['Black 2', 'White 2']","['X', 'Y']","['Omega Ruby', 'Alpha Sapphire']",[],[],[],[],[],[],"['Scarlet', 'Violet']",[]
586,Sawsbuck,,[],[],[],[],[],[],"['Black', 'White']","['Black 2', 'White 2']","['X', 'Y']","['Omega Ruby', 'Alpha Sapphire']",[],[],[],[],[],[],"['Scarlet', 'Violet']",[]
587,Emolga,,[],[],[],[],[],[],"['Black', 'White']","['Black 2', 'White 2']","['X', 'Y']",[],"['Sun', 'Moon']",[],[],"['Sword', 'Shield']",[],[],[],['Legends ZA']
588,Karrablast,,[],[],[],[],[],[],"['Black', 'White']","['Black 2', 'White 2']","['X', 'Y']",[],[],[],[],"['Sword', 'Shield']",[],[],[],[]
589,Escavalier,,[],[],[],[],[],[],"['Black', 'White']","['Black 2', 'White 2']","['X', 'Y']",[],[],[],[],"['Sword', 'Shield']",[],[],[],[]
590,Foongus,,[],[],[],[],[],[],"['Black', 'White']","['Black 2', 'White 2']","['X', 'Y']",[],[],[],[],"['Sword', 'Shield']",[],[],"['Scarlet', 'Violet']",['Legends ZA']
591,Amoonguss,,[],[],[],[],[],[],"['Black', 'White']","['Black 2', 'White 2']","['X', 'Y']",[],[],[],[],"['Sword', 'Shield']",[],[],"['Scarlet', 'Violet']",['Legends ZA']
592,Frillish,,[],[],[],[],[],[],"['Black', 'White']","['Black 2', 'White 2']",[],"['Omega Ruby', 'Alpha Sapphire']",[],[],[],"['Sword', 'Shield']",[],[],[],[]
593,Jellicent,,[],[],[],[],[],[],"['Black', 'White']","['Black 2', 'White 2']",[],"['Omega Ruby', 'Alpha Sapphire']",[],[],[],"['Sword', 'Shield']",[],[],[],[]
594,Alomomola,,[],[],[],[],[],[],"['Black', 'White']","['Black 2', 'White 2']","['X', 'Y']","['Omega Ruby', 'Alpha Sapphire']","['Sun', 'Moon']",[],[],[],[],[],"['Scarlet', 'Violet']",[]
595,Joltik,,[],[],[],[],[],[],"['Black', 'White']","['Black 2', 'White 2']","['X', 'Y']","['Omega Ruby', 'Alpha Sapphire']",[],[],[],"['Sword', 'Shield']",[],[],"['Scarlet', 'Violet']",[]
596,Galvantula,,[],[],[],[],[],[],"['Black', 'White']","['Black 2', 'White 2']","['X', 'Y']","['Omega Ruby', 'Alpha Sapphire']",[],[],[],"['Sword', 'Shield']",[],[],"['Scarlet', 'Violet']",[]
597,Ferroseed,,[],[],[],[],[],[],"['Black', 'White']","['Black 2', 'White 2']","['X', 'Y']",[],[],[],[],"['Sword', 'Shield']",[],[],[],[]
598,Ferrothorn,,[],[],[],[],[],[],"['Black', 'White']","['Black 2', 'White 2']","['X', 'Y']",[],[],[],[],"['Sword', 'Shield']",[],[],[],[]
599,Klink,,[],[],[],[],[],[],"['Black', 'White']","['Black 2', 'White 2']","['X', 'Y']","['Omega Ruby', 'Alpha Sapphire']","['Sun', 'Moon']",[],[],"['Sword', 'Shield']",[],[],[],[]
600,Klang,,[],[],[],[],[],[],"['Black', 'White']","['Black 2', 'White 2']","['X', 'Y']","['Omega Ruby', 'Alpha Sapphire']","['Sun', 'Moon']",[],[],"['Sword', 'Shield']",[],[],[],[]
601,Klinklang,,[],[],[],[],[],[],"['Black', 'White']","['Black 2', 'White 2']","['X', 'Y']","['Omega Ruby', 'Alpha Sapphire']","['Sun', 'Moon']",[],[],"['Sword', 'Shield']",[],[],[],[]
602,Tynamo,,[],[],[],[],[],[],"['Black', 'White']","['Black 2', 'White 2']",[],"['Omega Ruby', 'Alpha Sapphire']","['Sun', 'Moon']",[],[],[],[],[],"['Scarlet', 'Violet']",['Legends ZA']
603,Eelektrik,,[],[],[],[],[],[],"['Black', 'White']","['Black 2', 'White 2']",[],"['Omega Ruby', 'Alpha Sapphire']","['Sun', 'Moon']",[],[],[],[],[],"['Scarlet', 'Violet']",['Legends ZA']
604,Eelektross,,[],[],[],[],[],[],"['Black', 'White']","['Black 2', 'White 2']",[],"['Omega Ruby', 'Alpha Sapphire']","['Sun', 'Moon']",[],[],[],[],[],"['Scarlet', 'Violet']",['Legends ZA']
605,Elgyem,,[],[],[],[],[],[],"['Black', 'White']","['Black 2', 'White 2']",[],"['Omega Ruby', 'Alpha Sapphire']",[],[],[],"['Sword', 'Shield']",[],[],[],[]
606,Beheeyem,,[],[],[],[],[],[],"['Black', 'White']","['Black 2', 'White 2']",[],"['Omega Ruby', 'Alpha Sapphire']",[],[],[],"['Sword', 'Shield']",[],[],[],[]
607,Litwick,,[],[],[],[],[],[],"['Black', 'White']","['Black 2', 'White 2']","['X', 'Y']",[],"['Sun', 'Moon']",[],[],"['Sword', 'Shield']",[],[],"['Scarlet', 'Violet']",['Legends ZA']
608,Lampent,,[],[],[],[],[],[],"['Black', 'White']","['Black 2', 'White 2']","['X', 'Y']",[],"['Sun', 'Moon']",[],[],"['Sword', 'Shield']",[],[],"['Scarlet', 'Violet']",['Legends ZA']
609,Chandelure,,[],[],[],[],[],[],"['Black', 'White']","['Black 2', 'White 2']","['X', 'Y']",[],"['Sun', 'Moon']",[],[],"['Sword', 'Shield']",[],[],"['Scarlet', 'Violet']",['Legends ZA']
610,Axew,,[],[],[],[],[],[],"['Black', 'White']","['Black 2', 'White 2']","['X', 'Y']","['Omega Ruby', 'Alpha Sapphire']","['Sun', 'Moon']",[],[],"['Sword', 'Shield']",[],[],"['Scarlet', 'Violet']",[]
611,Fraxure,,[],[],[],[],[],[],"['Black', 'White']","['Black 2', 'White 2']","['X', 'Y']","['Omega Ruby', 'Alpha Sapphire']","['Sun', 'Moon']",[],[],"['Sword', 'Shield']",[],[],"['Scarlet', 'Violet']",[]
612,Haxorus,,[],[],[],[],[],[],"['Black', 'White']","['Black 2', 'White 2']","['X', 'Y']","['Omega Ruby', 'Alpha Sapphire']","['Sun', 'Moon']",[],[],"['Sword', 'Shield']",[],[],"['Scarlet', 'Violet']",[]
613,Cubchoo,,[],[],[],[],[],[],"['Black', 'White']","['Black 2', 'White 2']","['X', 'Y']","['Omega Ruby', 'Alpha Sapphire']",[],[],[],"['Sword', 'Shield']",[],[],"['Scarlet', 'Violet']",[]
614,Beartic,,[],[],[],[],[],[],"['Black', 'White']","['Black 2', 'White 2']","['X', 'Y']","['Omega Ruby', 'Alpha Sapphire']",[],[],[],"['Sword', 'Shield']",[],[],"['Scarlet', 'Violet']",[]
615,Cryogonal,,[],[],[],[],[],[],"['Black', 'White']","['Black 2', 'White 2']","['X', 'Y']",[],[],[],[],"['Sword', 'Shield']",[],[],"['Scarlet', 'Violet']",['Legends ZA']
616,Shelmet,,[],[],[],[],[],[],"['Black', 'White']","['Black 2', 'White 2']","['X', 'Y']",[],[],[],[],"['Sword', 'Shield']",[],[],[],[]
617,Accelgor,,[],[],[],[],[],[],"['Black', 'White']","['Black 2', 'White 2']","['X', 'Y']",[],[],[],[],"['Sword', 'Shield']",[],[],[],[]
618,Stunfisk,,[],[],[],[],[],[],"['Black', 'White']","['Black 2', 'White 2']","['X', 'Y']",[],[],[],[],"['Sword', 'Shield']",[],[],[],['Legends ZA']
618,Stunfisk,Galarian,[],[],[],[],[],[],[],[],[],[],[],[],[],"['Sword', 'Shield']",[],[],[],['Legends ZA']
619,Mienfoo,,[],[],[],[],[],[],"['Black', 'White']","['Black 2', 'White 2']","['X', 'Y']",[],[],[],[],"['Sword', 'Shield']",[],[],"['Scarlet', 'Violet']",[]
620,Mienshao,,[],[],[],[],[],[],"['Black', 'White']","['Black 2', 'White 2']","['X', 'Y']",[],[],[],[],"['Sword', 'Shield']",[],[],"['Scarlet', 'Violet']",[]
621,Druddigon,,[],[],[],[],[],[],"['Black', 'White']","['Black 2', 'White 2']","['X', 'Y']","['Omega Ruby', 'Alpha Sapphire']",[],[],[],"['Sword', 'Shield']",[],[],[],[]
622,Golett,,[],[],[],[],[],[],"['Black', 'White']","['Black 2', 'White 2']","['X', 'Y']",[],[],['Ultra Sun'],[],"['Sword', 'Shield']",[],[],"['Scarlet', 'Violet']",['Legends ZA']
623,Golurk,,[],[],[],[],[],[],"['Black', 'White']","['Black 2', 'White 2']","['X', 'Y']",[],[],['Ultra Sun'],[],"['Sword', 'Shield']",[],[],"['Scarlet', 'Violet']",['Legends ZA']
624,Pawniard,,[],[],[],[],[],[],"['Black', 'White']","['Black 2', 'White 2']","['X', 'Y']",[],[],[],[],"['Sword', 'Shield']",[],[],"['Scarlet', 'Violet']",[]
625,Bisharp,,[],[],[],[],[],[],"['Black', 'White']","['Black 2', 'White 2']","['X', 'Y']",[],[],[],[],"['Sword', 'Shield']",[],[],"['Scarlet', 'Violet']",[]
626,Bouffalant,,[],[],[],[],[],[],"['Black', 'White']","['Black 2', 'White 2']",[],"['Omega Ruby', 'Alpha Sapphire']",[],[],[],"['Sword', 'Shield']",[],[],[],[]
627,Rufflet,,[],[],[],[],[],[],['White'],['White 2'],"['X', 'Y']","['Omega Ruby', 'Alpha Sapphire']",['Sun'],['Ultra Sun'],[],['Sword'],[],['Legends Arceus'],"['Scarlet', 'Violet']",[]
628,Braviary,,[],[],[],[],[],[],['White'],['White 2'],"['X', 'Y']","['Omega Ruby', 'Alpha Sapphire']",['Sun'],['Ultra Sun'],[],['Sword'],[],[],"['Scarlet', 'Violet']",[]
628,Braviary,Hisuian,[],[],[],[],[],[],[],[],[],[],[],[],[],[],[],['Legends Arceus'],"['Scarlet', 'Violet']",[]
629,Vullaby,,[],[],[],[],[],[],['Black'],['Black 2'],"['X', 'Y']","['Omega Ruby', 'Alpha Sapphire']",['Moon'],['Ultra Moon'],[],"['Sword', 'Shield']",[],[],"['Scarlet', 'Violet']",[]
630,Mandibuzz,,[],[],[],[],[],[],['Black'],['Black 2'],"['X', 'Y']","['Omega Ruby', 'Alpha Sapphire']",['Moon'],['Ultra Moon'],[],"['Sword', 'Shield']",[],[],"['Scarlet', 'Violet']",[]
631,Heatmor,,[],[],[],[],[],[],"['Black', 'White']","['Black 2', 'White 2']","['X', 'Y']",[],[],[],[],"['Sword', 'Shield']",[],[],[],[]
632,Durant,,[],[],[],[],[],[],"['Black', 'White']","['Black 2', 'White 2']","['X', 'Y']",[],[],[],[],"['Sword', 'Shield']",[],[],[],[]
633,Deino,,[],[],[],[],[],[],"['Black', 'White']","['Black 2', 'White 2']","['X', 'Y']","['Omega Ruby', 'Alpha Sapphire']","['Sun', 'Moon']",[],[],['Sword'],[],[],['Scarlet'],[]
634,Zweilous,,[],[],[],[],[],[],"['Black', 'White']","['Black 2', 'White 2']","['X', 'Y']","['Omega Ruby', 'Alpha Sapphire']","['Sun', 'Moon']",[],[],['Sword'],[],[],['Scarlet'],[]
635,Hydreigon,,[],[],[],[],[],[],"['Black', 'White']","['Black 2', 'White 2']","['X', 'Y']","['Omega Ruby', 'Alpha Sapphire']","['Sun', 'Moon']",[],[],['Sword'],[],[],['Scarlet'],[]
636,Larvesta,,[],[],[],[],[],[],"['Black', 'White']","['Black 2', 'White 2']","['X', 'Y']","['Omega Ruby', 'Alpha Sapphire']",[],[],[],"['Sword', 'Shield']",[],[],"['Scarlet', 'Violet']",[]
637,Volcarona,,[],[],[],[],[],[],"['Black', 'White']","['Black 2', 'White 2']","['X', 'Y']","['Omega Ruby', 'Alpha Sapphire']",[],[],[],"['Sword', 'Shield']",[],[],"['Scarlet', 'Violet']",[]
638,Cobalion,,[],[],[],[],[],[],"['Black', 'White']","['Black 2', 'White 2']",[],"['Omega Ruby', 'Alpha Sapphire']",[],[],[],"['Sword', 'Shield']",[],[],['Violet'],['Legends ZA']
639,Terrakion,,[],[],[],[],[],[],"['Black', 'White']","['Black 2', 'White 2']",[],"['Omega Ruby', 'Alpha Sapphire']",[],[],[],"['Sword', 'Shield']",[],[],['Violet'],['Legends ZA']
640,Virizion,,[],[],[],[],[],[],"['Black', 'White']","['Black 2', 'White 2']",[],"['Omega Ruby', 'Alpha Sapphire']",[],[],[],"['Sword', 'Shield']",[],[],['Violet'],['Legends ZA']
641,Tornadus,,[],[],[],[],[],[],['Black'],[],[],['Omega Ruby'],"['Sun', 'Moon']",['Ultra Sun'],[],['Sword'],[],['Legends Arceus'],"['Scarlet', 'Violet']",[]
641,Tornadus,Therian Forme,[],[],[],[],[],[],[],[],[],[],[],[],[],"['Sword', 'Shield']",[],['Legends Arceus'],"['Scarlet', 'Violet']",[]
642,Thundurus,,[],[],[],[],[],[],['White'],[],[],['Alpha Sapphire'],"['Sun', 'Moon']",['Ultra Moon'],[],"['Sword', 'Shield']",[],['Legends Arceus'],"['Scarlet', 'Violet']",[]
642,Thundurus,Therian Forme,[],[],[],[],[],[],[],[],[],[],[],[],[],"['Sword', 'Shield']",[],['Legends Arceus'],"['Scarlet', 'Violet']",[]
643,Reshiram,,[],[],[],[],[],[],['Black'],['White 2'],[],['Omega Ruby'],"['Sun', 'Moon']",['Ultra Sun'],[],['Sword'],[],[],['Scarlet'],[]
644,Zekrom,,[],[],[],[],[],[],['White'],['Black 2'],[],['Alpha Sapphire'],"['Sun', 'Moon']",['Ultra Moon'],[],"['Sword', 'Shield']",[],[],['Violet'],[]
645,Landorus,,[],[],[],[],[],[],"['Black', 'White']",[],[],"['Omega Ruby', 'Alpha Sapphire']",[],[],[],[],[],['Legends Arceus'],"['Scarlet', 'Violet']",[]
645,Landorus,Therian Forme,[],[],[],[],[],[],[],[],[],[],[],[],[],"['Sword', 'Shield']",[],['Legends Arceus'],"['Scarlet', 'Violet']",[]
646,Black Kyurem,,[],[],[],[],[],[],[],[],[],[],[],[],[],[],[],[],"['Scarlet', 'Violet']",[]
646,Kyurem,,[],[],[],[],[],[],"['Black', 'White']","['Black 2', 'White 2']","['X', 'Y']","['Omega Ruby', 'Alpha Sapphire']",[],[],[],"['Sword', 'Shield']",[],[],"['Scarlet', 'Violet']",[]
646,White Kyurem,,[],[],[],[],[],[],[],[],[],[],[],[],[],[],[],[],"['Scarlet', 'Violet']",[]
647,Keldeo,,[],[],[],[],[],[],"['Black', 'White']","['Black 2', 'White 2']","['X', 'Y']","['Omega Ruby', 'Alpha Sapphire']",[],[],[],"['Sword', 'Shield']",[],[],"['Scarlet', 'Violet']",['Legends ZA']
647,Keldeo,Resolute Form,[],[],[],[],[],[],[],[],[],[],[],[],[],"['Sword', 'Shield']",[],[],[],['Legends ZA']
648,Meloetta,,[],[],[],[],[],[],"['Black', 'White']","['Black 2', 'White 2']","['X', 'Y']","['Omega Ruby', 'Alpha Sapphire']","['Sun', 'Moon']",[],[],[],[],[],"['Scarlet', 'Violet']",['Legends ZA']
649,Genesect,,[],[],[],[],[],[],"['Black', 'White']","['Black 2', 'White 2']","['X', 'Y']","['Omega Ruby', 'Alpha Sapphire']",[],[],[],"['Sword', 'Shield']",[],[],[],['Legends ZA']
650,Chespin,,[],[],[],[],[],[],[],[],"['X', 'Y']",[],[],[],[],[],[],[],"['Scarlet', 'Violet']",['Legends ZA']
651,Quilladin,,[],[],[],[],[],[],[],[],"['X', 'Y']",[],[],[],[],[],[],[],"['Scarlet', 'Violet']",['Legends ZA']
652,Chesnaught,,[],[],[],[],[],[],[],[],"['X', 'Y']",[],[],[],[],[],[],[],"['Scarlet', 'Violet']",['Legends ZA']
653,Fennekin,,[],[],[],[],[],[],[],[],"['X', 'Y']",[],[],[],[],[],[],[],"['Scarlet', 'Violet']",['Legends ZA']
654,Braixen,,[],[],[],[],[],[],[],[],"['X', 'Y']",[],[],[],[],[],[],[],"['Scarlet', 'Violet']",['Legends ZA']
655,Delphox,,[],[],[],[],[],[],[],[],"['X', 'Y']",[],[],[],[],[],[],[],"['Scarlet', 'Violet']",['Legends ZA']
656,Froakie,,[],[],[],[],[],[],[],[],"['X', 'Y']",[],[],[],[],[],[],[],"['Scarlet', 'Violet']",['Legends ZA']
657,Frogadier,,[],[],[],[],[],[],[],[],"['X', 'Y']",[],[],[],[],[],[],[],"['Scarlet', 'Violet']",['Legends ZA']
658,Greninja,,[],[],[],[],[],[],[],[],"['X', 'Y']",[],[],[],[],[],[],[],"['Scarlet', 'Violet']",['Legends ZA']
659,Bunnelby,,[],[],[],[],[],[],[],[],"['X', 'Y']",[],[],[],[],"['Sword', 'Shield']",[],[],[],['Legends ZA']
660,Diggersby,,[],[],[],[],[],[],[],[],"['X', 'Y']",[],[],[],[],"['Sword', 'Shield']",[],[],[],['Legends ZA']
661,Fletchling,,[],[],[],[],[],[],[],[],"['X', 'Y']",[],"['Sun', 'Moon']",[],[],"['Sword', 'Shield']",[],[],"['Scarlet', 'Violet']",['Legends ZA']
662,Fletchinder,,[],[],[],[],[],[],[],[],"['X', 'Y']",[],"['Sun', 'Moon']",[],[],"['Sword', 'Shield']",[],[],"['Scarlet', 'Violet']",['Legends ZA']
663,Talonflame,,[],[],[],[],[],[],[],[],"['X', 'Y']",[],"['Sun', 'Moon']",[],[],"['Sword', 'Shield']",[],[],"['Scarlet', 'Violet']",['Legends ZA']
664,Scatterbug,,[],[],[],[],[],[],[],[],"['X', 'Y']",[],[],[],[],[],[],[],"['Scarlet', 'Violet']",['Legends ZA']
665,Spewpa,,[],[],[],[],[],[],[],[],"['X', 'Y']",[],[],[],[],[],[],[],"['Scarlet', 'Violet']",['Legends ZA']
666,Vivillon,,[],[],[],[],[],[],[],[],"['X', 'Y']",[],[],[],[],[],[],[],"['Scarlet', 'Violet']",['Legends ZA']
667,Litleo,,[],[],[],[],[],[],[],[],"['X', 'Y']",[],[],[],[],[],[],[],"['Scarlet', 'Violet']",['Legends ZA']
668,Pyroar,,[],[],[],[],[],[],[],[],"['X', 'Y']",[],[],[],[],[],[],[],"['Scarlet', 'Violet']",['Legends ZA']
669,Flabebe,,[],[],[],[],[],[],[],[],[],[],[],[],[],[],[],[],"['Scarlet', 'Violet']",['Legends ZA']
669,Flabébé,,[],[],[],[],[],[],[],[],"['X', 'Y']",[],[],[],[],[],[],[],[],[]
670,Floette,,[],[],[],[],[],[],[],[],"['X', 'Y']",[],[],[],[],[],[],[],"['Scarlet', 'Violet']",['Legends ZA']
670,Floette,Eternal,[],[],[],[],[],[],[],[],[],[],[],[],[],[],[],[],[],['Legends ZA']
671,Florges,,[],[],[],[],[],[],[],[],"['X', 'Y']",[],[],[],[],[],[],[],"['Scarlet', 'Violet']",['Legends ZA']
672,Skiddo,,[],[],[],[],[],[],[],[],"['X', 'Y']",[],[],[],[],[],[],[],"['Scarlet', 'Violet']",['Legends ZA']
673,Gogoat,,[],[],[],[],[],[],[],[],"['X', 'Y']",[],[],[],[],[],[],[],"['Scarlet', 'Violet']",['Legends ZA']
674,Pancham,,[],[],[],[],[],[],[],[],"['X', 'Y']",[],"['Sun', 'Moon']",[],[],"['Sword', 'Shield']",[],[],[],['Legends ZA']
675,Pangoro,,[],[],[],[],[],[],[],[],"['X', 'Y']",[],"['Sun', 'Moon']",[],[],"['Sword', 'Shield']",[],[],[],['Legends ZA']
676,Furfrou,,[],[],[],[],[],[],[],[],"['X', 'Y']",[],[],[],[],[],[],[],[],['Legends ZA']
677,Espurr,,[],[],[],[],[],[],[],[],"['X', 'Y']",[],[],[],[],"['Sword', 'Shield']",[],[],"['Scarlet', 'Violet']",['Legends ZA']
678,Meowstic,,[],[],[],[],[],[],[],[],"['X', 'Y']",[],[],[],[],"['Sword', 'Shield']",[],[],"['Scarlet', 'Violet']",['Legends ZA']
678,Meowstic,Male,[],[],[],[],[],[],[],[],[],[],[],[],[],[],[],[],"['Scarlet', 'Violet']",[]
679,Honedge,,[],[],[],[],[],[],[],[],"['X', 'Y']",[],"['Sun', 'Moon']",[],[],"['Sword', 'Shield']",[],[],[],['Legends ZA']
680,Doublade,,[],[],[],[],[],[],[],[],"['X', 'Y']",[],"['Sun', 'Moon']",[],[],"['Sword', 'Shield']",[],[],[],['Legends ZA']
681,Aegislash,,[],[],[],[],[],[],[],[],"['X', 'Y']",[],"['Sun', 'Moon']",[],[],"['Sword', 'Shield']",[],[],[],['Legends ZA']
682,Spritzee,,[],[],[],[],[],[],[],[],['Y'],[],[],[],[],"['Sword', 'Shield']",[],[],[],['Legends ZA']
683,Aromatisse,,[],[],[],[],[],[],[],[],['Y'],[],[],[],[],"['Sword', 'Shield']",[],[],[],['Legends ZA']
684,Swirlix,,[],[],[],[],[],[],[],[],['X'],[],[],[],[],['Sword'],[],[],[],['Legends ZA']
685,Slurpuff,,[],[],[],[],[],[],[],[],['X'],[],[],[],[],"['Sword', 'Shield']",[],[],[],['Legends ZA']
686,Inkay,,[],[],[],[],[],[],[],[],"['X', 'Y']",[],[],[],[],"['Sword', 'Shield']",[],[],"['Scarlet', 'Violet']",['Legends ZA']
687,Malamar,,[],[],[],[],[],[],[],[],"['X', 'Y']",[],[],[],[],"['Sword', 'Shield']",[],[],"['Scarlet', 'Violet']",['Legends ZA']
688,Binacle,,[],[],[],[],[],[],[],[],"['X', 'Y']","['Omega Ruby', 'Alpha Sapphire']",[],[],[],"['Sword', 'Shield']",[],[],[],['Legends ZA']
689,Barbaracle,,[],[],[],[],[],[],[],[],"['X', 'Y']","['Omega Ruby', 'Alpha Sapphire']",[],[],[],"['Sword', 'Shield']",[],[],[],['Legends ZA']
690,Skrelp,,[],[],[],[],[],[],[],[],['Y'],['Omega Ruby'],[],['Ultra Moon'],[],"['Sword', 'Shield']",[],[],['Scarlet'],['Legends ZA']
691,Dragalge,,[],[],[],[],[],[],[],[],['Y'],['Omega Ruby'],[],['Ultra Moon'],[],"['Sword', 'Shield']",[],[],['Scarlet'],['Legends ZA']
692,Clauncher,,[],[],[],[],[],[],[],[],['X'],['Alpha Sapphire'],[],['Ultra Sun'],[],['Sword'],[],[],['Violet'],['Legends ZA']
693,Clawitzer,,[],[],[],[],[],[],[],[],['X'],['Alpha Sapphire'],[],['Ultra Sun'],[],['Sword'],[],[],['Violet'],['Legends ZA']
694,Helioptile,,[],[],[],[],[],[],[],[],"['X', 'Y']",[],[],[],[],"['Sword', 'Shield']",[],[],[],['Legends ZA']
695,Heliolisk,,[],[],[],[],[],[],[],[],"['X', 'Y']",[],[],[],[],"['Sword', 'Shield']",[],[],[],['Legends ZA']
696,Tyrunt,,[],[],[],[],[],[],[],[],"['X', 'Y']",[],[],[],[],"['Sword', 'Shield']",[],[],[],['Legends ZA']
697,Tyrantrum,,[],[],[],[],[],[],[],[],"['X', 'Y']",[],[],[],[],"['Sword', 'Shield']",[],[],[],['Legends ZA']
698,Amaura,,[],[],[],[],[],[],[],[],"['X', 'Y']",[],[],[],[],"['Sword', 'Shield']",[],[],[],['Legends ZA']
699,Aurorus,,[],[],[],[],[],[],[],[],"['X', 'Y']",[],[],[],[],"['Sword', 'Shield']",[],[],[],['Legends ZA']
700,Sylveon,,[],[],[],[],[],[],[],[],"['X', 'Y']","['Omega Ruby', 'Alpha Sapphire']","['Sun', 'Moon']",[],[],"['Sword', 'Shield']",[],['Legends Arceus'],"['Scarlet', 'Violet']",['Legends ZA']
701,Hawlucha,,[],[],[],[],[],[],[],[],"['X', 'Y']",[],[],[],[],"['Sword', 'Shield']",[],[],"['Scarlet', 'Violet']",['Legends ZA']
702,Dedenne,,[],[],[],[],[],[],[],[],"['X', 'Y']",[],[],[],[],"['Sword', 'Shield']",[],[],"['Scarlet', 'Violet']",['Legends ZA']
703,Carbink,,[],[],[],[],[],[],[],[],"['X', 'Y']",[],"['Sun', 'Moon']",[],[],"['Sword', 'Shield']",[],[],"['Scarlet', 'Violet']",['Legends ZA']
704,Goomy,,[],[],[],[],[],[],[],[],"['X', 'Y']",[],"['Sun', 'Moon']",[],[],"['Sword', 'Shield']",[],['Legends Arceus'],"['Scarlet', 'Violet']",['Legends ZA']
705,Sliggoo,,[],[],[],[],[],[],[],[],"['X', 'Y']",[],"['Sun', 'Moon']",[],[],"['Sword', 'Shield']",[],[],"['Scarlet', 'Violet']",['Legends ZA']
705,Sliggoo,Hisuian,[],[],[],[],[],[],[],[],[],[],[],[],[],[],[],['Legends Arceus'],"['Scarlet', 'Violet']",['Legends ZA']
706,Goodra,,[],[],[],[],[],[],[],[],"['X', 'Y']",[],"['Sun', 'Moon']",[],[],"['Sword', 'Shield']",[],[],"['Scarlet', 'Violet']",['Legends ZA']
706,Goodra,Hisuian,[],[],[],[],[],[],[],[],[],[],[],[],[],[],[],['Legends Arceus'],"['Scarlet', 'Violet']",['Legends ZA']
707,Klefki,,[],[],[],[],[],[],[],[],"['X', 'Y']","['Omega Ruby', 'Alpha Sapphire']","['Sun', 'Moon']",[],[],"['Sword', 'Shield']",[],[],"['Scarlet', 'Violet']",['Legends ZA']
708,Phantump,,[],[],[],[],[],[],[],[],"['X', 'Y']","['Omega Ruby', 'Alpha Sapphire']","['Sun', 'Moon']",[],[],"['Sword', 'Shield']",[],[],"['Scarlet', 'Violet']",['Legends ZA']
709,Trevenant,,[],[],[],[],[],[],[],[],"['X', 'Y']","['Omega Ruby', 'Alpha Sapphire']","['Sun', 'Moon']",[],[],"['Sword', 'Shield']",[],[],"['Scarlet', 'Violet']",['Legends ZA']
710,Pumpkaboo,,[],[],[],[],[],[],[],[],"['X', 'Y']",[],[],[],[],"['Sword', 'Shield']",[],[],[],['Legends ZA']
711,Gourgeist,,[],[],[],[],[],[],[],[],"['X', 'Y']",[],[],[],[],"['Sword', 'Shield']",[],[],[],[]
712,Bergmite,,[],[],[],[],[],[],[],[],"['X', 'Y']",[],[],[],[],"['Sword', 'Shield']",[],['Legends Arceus'],"['Scarlet', 'Violet']",['Legends ZA']
713,Avalugg,,[],[],[],[],[],[],[],[],"['X', 'Y']",[],[],[],[],"['Sword', 'Shield']",[],[],"['Scarlet', 'Violet']",['Legends ZA']
713,Avalugg,Hisuian,[],[],[],[],[],[],[],[],[],[],[],[],[],[],[],['Legends Arceus'],"['Scarlet', 'Violet']",['Legends ZA']
714,Noibat,,[],[],[],[],[],[],[],[],"['X', 'Y']",[],[],[],[],"['Sword', 'Shield']",[],[],"['Scarlet', 'Violet']",['Legends ZA']
715,Noivern,,[],[],[],[],[],[],[],[],"['X', 'Y']",[],[],[],[],"['Sword', 'Shield']",[],[],"['Scarlet', 'Violet']",['Legends ZA']
716,Xerneas,,[],[],[],[],[],[],[],[],['X'],"['Omega Ruby', 'Alpha Sapphire']","['Sun', 'Moon']",['Ultra Sun'],[],['Sword'],[],[],[],['Legends ZA']
717,Yveltal,,[],[],[],[],[],[],[],[],['Y'],"['Omega Ruby', 'Alpha Sapphire']","['Sun', 'Moon']",['Ultra Moon'],[],"['Sword', 'Shield']",[],[],[],['Legends ZA']
718,Zygarde,,[],[],[],[],[],[],[],[],"['X', 'Y']","['Omega Ruby', 'Alpha Sapphire']","['Sun', 'Moon']",[],[],"['Sword', 'Shield']",[],[],[],['Legends ZA']
719,Diancie,,[],[],[],[],[],[],[],[],"['X', 'Y']","['Omega Ruby', 'Alpha Sapphire']",[],[],[],"['Sword', 'Shield']",[],[],"['Scarlet', 'Violet']",['Legends ZA']
720,Hoopa,,[],[],[],[],[],[],[],[],"['X', 'Y']","['Omega Ruby', 'Alpha Sapphire']","['Sun', 'Moon']",[],[],[],[],[],"['Scarlet', 'Violet']",['Legends ZA']
721,Volcanion,,[],[],[],[],[],[],[],[],"['X', 'Y']","['Omega Ruby', 'Alpha Sapphire']",[],[],[],"['Sword', 'Shield']",[],[],"['Scarlet', 'Violet']",['Legends ZA']
722,Rowlet,,[],[],[],[],[],[],[],[],[],[],"['Sun', 'Moon']",[],[],"['Sword', 'Shield']",[],['Legends Arceus'],"['Scarlet', 'Violet']",[]
723,Dartrix,,[],[],[],[],[],[],[],[],[],[],"['Sun', 'Moon']",[],[],"['Sword', 'Shield']",[],['Legends Arceus'],"['Scarlet', 'Violet']",[]
724,Decidueye,,[],[],[],[],[],[],[],[],[],[],"['Sun', 'Moon']",[],[],"['Sword', 'Shield']",[],[],"['Scarlet', 'Violet']",[]
724,Decidueye,Hisuian,[],[],[],[],[],[],[],[],[],[],[],[],[],[],[],['Legends Arceus'],"['Scarlet', 'Violet']",[]
725,Litten,,[],[],[],[],[],[],[],[],[],[],"['Sun', 'Moon']",[],[],"['Sword', 'Shield']",[],[],"['Scarlet', 'Violet']",[]
726,Torracat,,[],[],[],[],[],[],[],[],[],[],"['Sun', 'Moon']",[],[],"['Sword', 'Shield']",[],[],"['Scarlet', 'Violet']",[]
727,Incineroar,,[],[],[],[],[],[],[],[],[],[],"['Sun', 'Moon']",[],[],"['Sword', 'Shield']",[],[],"['Scarlet', 'Violet']",[]
728,Popplio,,[],[],[],[],[],[],[],[],[],[],"['Sun', 'Moon']",[],[],"['Sword', 'Shield']",[],[],"['Scarlet', 'Violet']",[]
729,Brionne,,[],[],[],[],[],[],[],[],[],[],"['Sun', 'Moon']",[],[],"['Sword', 'Shield']",[],[],"['Scarlet', 'Violet']",[]
730,Primarina,,[],[],[],[],[],[],[],[],[],[],"['Sun', 'Moon']",[],[],"['Sword', 'Shield']",[],[],"['Scarlet', 'Violet']",[]
731,Pikipek,,[],[],[],[],[],[],[],[],[],[],"['Sun', 'Moon']",[],[],[],[],[],"['Scarlet', 'Violet']",[]
732,Trumbeak,,[],[],[],[],[],[],[],[],[],[],"['Sun', 'Moon']",[],[],[],[],[],"['Scarlet', 'Violet']",[]
733,Toucannon,,[],[],[],[],[],[],[],[],[],[],"['Sun', 'Moon']",[],[],[],[],[],"['Scarlet', 'Violet']",[]
734,Yungoos,,[],[],[],[],[],[],[],[],[],[],"['Sun', 'Moon']",[],[],[],[],[],"['Scarlet', 'Violet']",[]
735,Gumshoos,,[],[],[],[],[],[],[],[],[],[],"['Sun', 'Moon']",[],[],[],[],[],"['Scarlet', 'Violet']",[]
736,Grubbin,,[],[],[],[],[],[],[],[],[],[],"['Sun', 'Moon']",[],[],"['Sword', 'Shield']",[],[],"['Scarlet', 'Violet']",[]
737,Charjabug,,[],[],[],[],[],[],[],[],[],[],"['Sun', 'Moon']",[],[],"['Sword', 'Shield']",[],[],"['Scarlet', 'Violet']",[]
738,Vikavolt,,[],[],[],[],[],[],[],[],[],[],"['Sun', 'Moon']",[],[],"['Sword', 'Shield']",[],[],"['Scarlet', 'Violet']",[]
739,Crabrawler,,[],[],[],[],[],[],[],[],[],[],"['Sun', 'Moon']",[],[],[],[],[],"['Scarlet', 'Violet']",['Legends ZA']
740,Crabominable,,[],[],[],[],[],[],[],[],[],[],"['Sun', 'Moon']",[],[],[],[],[],"['Scarlet', 'Violet']",['Legends ZA']
741,Oricorio,,[],[],[],[],[],[],[],[],[],[],"['Sun', 'Moon']",[],[],[],[],[],[],[]
741,Oricorio,Baile Style,[],[],[],[],[],[],[],[],[],[],[],[],[],[],[],[],"['Scarlet', 'Violet']",[]
741,Oricorio,Pa'u Style,[],[],[],[],[],[],[],[],[],[],[],[],[],[],[],[],"['Scarlet', 'Violet']",[]
741,Oricorio,Pom-Pom Style,[],[],[],[],[],[],[],[],[],[],[],[],[],[],[],[],"['Scarlet', 'Violet']",[]
741,Oricorio,Sensu Style,[],[],[],[],[],[],[],[],[],[],[],[],[],[],[],[],"['Scarlet', 'Violet']",[]
742,Cutiefly,,[],[],[],[],[],[],[],[],[],[],"['Sun', 'Moon']",[],[],"['Sword', 'Shield']",[],[],"['Scarlet', 'Violet']",[]
743,Ribombee,,[],[],[],[],[],[],[],[],[],[],"['Sun', 'Moon']",[],[],"['Sword', 'Shield']",[],[],"['Scarlet', 'Violet']",[]
744,Rockruff,,[],[],[],[],[],[],[],[],[],[],"['Sun', 'Moon']",[],[],"['Sword', 'Shield']",[],[],"['Scarlet', 'Violet']",[]
745,Lycanroc,,[],[],[],[],[],[],[],[],[],[],"['Sun', 'Moon']",[],[],[],[],[],[],[]
745,Lycanroc,Dusk Form,[],[],[],[],[],[],[],[],[],[],[],[],[],"['Sword', 'Shield']",[],[],"['Scarlet', 'Violet']",[]
745,Lycanroc,Midday Form,[],[],[],[],[],[],[],[],[],[],[],[],[],"['Sword', 'Shield']",[],[],"['Scarlet', 'Violet']",[]
745,Lycanroc,Midnight Form,[],[],[],[],[],[],[],[],[],[],[],[],[],"['Sword', 'Shield']",[],[],"['Scarlet', 'Violet']",[]
746,Wishiwashi,,[],[],[],[],[],[],[],[],[],[],"['Sun', 'Moon']",[],[],"['Sword', 'Shield']",[],[],[],[]
747,Mareanie,,[],[],[],[],[],[],[],[],[],[],"['Sun', 'Moon']",[],[],"['Sword', 'Shield']",[],[],"['Scarlet', 'Violet']",[]
748,Toxapex,,[],[],[],[],[],[],[],[],[],[],"['Sun', 'Moon']",[],[],"['Sword', 'Shield']",[],[],"['Scarlet', 'Violet']",[]
749,Mudbray,,[],[],[],[],[],[],[],[],[],[],"['Sun', 'Moon']",[],[],"['Sword', 'Shield']",[],[],"['Scarlet', 'Violet']",[]
750,Mudsdale,,[],[],[],[],[],[],[],[],[],[],"['Sun', 'Moon']",[],[],"['Sword', 'Shield']",[],[],"['Scarlet', 'Violet']",[]
751,Dewpider,,[],[],[],[],[],[],[],[],[],[],"['Sun', 'Moon']",[],[],"['Sword', 'Shield']",[],[],"['Scarlet', 'Violet']",[]
752,Araquanid,,[],[],[],[],[],[],[],[],[],[],"['Sun', 'Moon']",[],[],"['Sword', 'Shield']",[],[],"['Scarlet', 'Violet']",[]
753,Fomantis,,[],[],[],[],[],[],[],[],[],[],"['Sun', 'Moon']",[],[],"['Sword', 'Shield']",[],[],"['Scarlet', 'Violet']",[]
754,Lurantis,,[],[],[],[],[],[],[],[],[],[],"['Sun', 'Moon']",[],[],"['Sword', 'Shield']",[],[],"['Scarlet', 'Violet']",[]
755,Morelull,,[],[],[],[],[],[],[],[],[],[],"['Sun', 'Moon']",[],[],"['Sword', 'Shield']",[],[],[],[]
756,Shiinotic,,[],[],[],[],[],[],[],[],[],[],"['Sun', 'Moon']",[],[],"['Sword', 'Shield']",[],[],[],[]
757,Salandit,,[],[],[],[],[],[],[],[],[],[],"['Sun', 'Moon']",[],[],"['Sword', 'Shield']",[],[],"['Scarlet', 'Violet']",[]
758,Salazzle,,[],[],[],[],[],[],[],[],[],[],"['Sun', 'Moon']",[],[],"['Sword', 'Shield']",[],[],"['Scarlet', 'Violet']",[]
759,Stufful,,[],[],[],[],[],[],[],[],[],[],"['Sun', 'Moon']",[],[],"['Sword', 'Shield']",[],[],[],[]
760,Bewear,,[],[],[],[],[],[],[],[],[],[],"['Sun', 'Moon']",[],[],"['Sword', 'Shield']",[],[],[],[]
761,Bounsweet,,[],[],[],[],[],[],[],[],[],[],"['Sun', 'Moon']",[],[],"['Sword', 'Shield']",[],[],"['Scarlet', 'Violet']",[]
762,Steenee,,[],[],[],[],[],[],[],[],[],[],"['Sun', 'Moon']",[],[],"['Sword', 'Shield']",[],[],"['Scarlet', 'Violet']",[]
763,Tsareena,,[],[],[],[],[],[],[],[],[],[],"['Sun', 'Moon']",[],[],"['Sword', 'Shield']",[],[],"['Scarlet', 'Violet']",[]
764,Comfey,,[],[],[],[],[],[],[],[],[],[],"['Sun', 'Moon']",[],[],"['Sword', 'Shield']",[],[],"['Scarlet', 'Violet']",[]
765,Oranguru,,[],[],[],[],[],[],[],[],[],[],['Moon'],['Ultra Moon'],[],"['Sword', 'Shield']",[],[],['Scarlet'],[]
766,Passimian,,[],[],[],[],[],[],[],[],[],[],['Sun'],['Ultra Sun'],[],"['Sword', 'Shield']",[],[],['Violet'],[]
767,Wimpod,,[],[],[],[],[],[],[],[],[],[],"['Sun', 'Moon']",[],[],"['Sword', 'Shield']",[],[],[],['Legends ZA']
768,Golisopod,,[],[],[],[],[],[],[],[],[],[],"['Sun', 'Moon']",[],[],"['Sword', 'Shield']",[],[],[],['Legends ZA']
769,Sandygast,,[],[],[],[],[],[],[],[],[],[],"['Sun', 'Moon']",[],[],"['Sword', 'Shield']",[],[],"['Scarlet', 'Violet']",['Legends ZA']
770,Palossand,,[],[],[],[],[],[],[],[],[],[],"['Sun', 'Moon']",[],[],"['Sword', 'Shield']",[],[],"['Scarlet', 'Violet']",['Legends ZA']
771,Pyukumuku,,[],[],[],[],[],[],[],[],[],[],"['Sun', 'Moon']",[],[],"['Sword', 'Shield']",[],[],[],[]
772,Type: Null,,[],[],[],[],[],[],[],[],[],[],"['Sun', 'Moon']",[],[],"['Sword', 'Shield']",[],[],[],[]
773,Silvally,,[],[],[],[],[],[],[],[],[],[],"['Sun', 'Moon']",[],[],"['Sword', 'Shield']",[],[],[],[]
774,Minior,,[],[],[],[],[],[],[],[],[],[],"['Sun', 'Moon']",[],[],[],[],[],"['Scarlet', 'Violet']",[]
775,Komala,,[],[],[],[],[],[],[],[],[],[],"['Sun', 'Moon']",[],[],[],[],[],"['Scarlet', 'Violet']",[]
776,Turtonator,,[],[],[],[],[],[],[],[],[],[],['Sun'],['Ultra Sun'],[],['Sword'],[],[],[],[]
777,Togedemaru,,[],[],[],[],[],[],[],[],[],[],"['Sun', 'Moon']",[],[],"['Sword', 'Shield']",[],[],[],[]
778,Mimikyu,,[],[],[],[],[],[],[],[],[],[],"['Sun', 'Moon']",[],[],"['Sword', 'Shield']",[],[],"['Scarlet', 'Violet']",['Legends ZA']
779,Bruxish,,[],[],[],[],[],[],[],[],[],[],"['Sun', 'Moon']",[],[],[],[],[],"['Scarlet', 'Violet']",[]
780,Drampa,,[],[],[],[],[],[],[],[],[],[],['Moon'],['Ultra Moon'],[],"['Sword', 'Shield']",[],[],[],['Legends ZA']
781,Dhelmise,,[],[],[],[],[],[],[],[],[],[],"['Sun', 'Moon']",[],[],"['Sword', 'Shield']",[],[],[],[]
782,Jangmo-o,,[],[],[],[],[],[],[],[],[],[],"['Sun', 'Moon']",[],[],['Sword'],[],[],"['Scarlet', 'Violet']",[]
783,Hakamo-o,,[],[],[],[],[],[],[],[],[],[],"['Sun', 'Moon']",[],[],['Sword'],[],[],"['Scarlet', 'Violet']",[]
784,Kommo-o,,[],[],[],[],[],[],[],[],[],[],"['Sun', 'Moon']",[],[],['Sword'],[],[],"['Scarlet', 'Violet']",[]
785,Tapu Koko,,[],[],[],[],[],[],[],[],[],[],"['Sun', 'Moon']",[],[],"['Sword', 'Shield']",[],[],[],[]
786,Tapu Lele,,[],[],[],[],[],[],[],[],[],[],"['Sun', 'Moon']",[],[],"['Sword', 'Shield']",[],[],[],[]
787,Tapu Bulu,,[],[],[],[],[],[],[],[],[],[],"['Sun', 'Moon']",[],[],"['Sword', 'Shield']",[],[],[],[]
788,Tapu Fini,,[],[],[],[],[],[],[],[],[],[],"['Sun', 'Moon']",[],[],"['Sword', 'Shield']",[],[],[],[]
789,Cosmog,,[],[],[],[],[],[],[],[],[],[],"['Sun', 'Moon']",[],[],"['Sword', 'Shield']",[],[],"['Scarlet', 'Violet']",[]
790,Cosmoem,,[],[],[],[],[],[],[],[],[],[],"['Sun', 'Moon']",[],[],"['Sword', 'Shield']",[],[],"['Scarlet', 'Violet']",[]
791,Solgaleo,,[],[],[],[],[],[],[],[],[],[],['Sun'],['Ultra Sun'],[],['Sword'],[],[],['Scarlet'],[]
792,Lunala,,[],[],[],[],[],[],[],[],[],[],['Moon'],['Ultra Moon'],[],"['Sword', 'Shield']",[],[],['Violet'],[]
793,Nihilego,,[],[],[],[],[],[],[],[],[],[],"['Sun', 'Moon']",[],[],"['Sword', 'Shield']",[],[],[],[]
794,Buzzwole,,[],[],[],[],[],[],[],[],[],[],['Sun'],['Ultra Sun'],[],"['Sword', 'Shield']",[],[],[],[]
795,Pheromosa,,[],[],[],[],[],[],[],[],[],[],['Moon'],['Ultra Moon'],[],"['Sword', 'Shield']",[],[],[],[]
796,Xurkitree,,[],[],[],[],[],[],[],[],[],[],"['Sun', 'Moon']",[],[],"['Sword', 'Shield']",[],[],[],[]
797,Celesteela,,[],[],[],[],[],[],[],[],[],[],['Moon'],['Ultra Moon'],[],"['Sword', 'Shield']",[],[],[],[]
798,Kartana,,[],[],[],[],[],[],[],[],[],[],['Sun'],['Ultra Sun'],[],"['Sword', 'Shield']",[],[],[],[]
799,Guzzlord,,[],[],[],[],[],[],[],[],[],[],"['Sun', 'Moon']",[],[],"['Sword', 'Shield']",[],[],[],[]
800,Necrozma,,[],[],[],[],[],[],[],[],[],[],"['Sun', 'Moon']",[],[],"['Sword', 'Shield']",[],[],"['Scarlet', 'Violet']",[]
800,Necrozma,Dawn Wings,[],[],[],[],[],[],[],[],[],[],[],[],[],[],[],[],"['Scarlet', 'Violet']",[]
800,Necrozma,Dusk Mane,[],[],[],[],[],[],[],[],[],[],[],[],[],[],[],[],"['Scarlet', 'Violet']",[]
801,Magearna,,[],[],[],[],[],[],[],[],[],[],"['Sun', 'Moon']",[],[],"['Sword', 'Shield']",[],[],"['Scarlet', 'Violet']",['Legends ZA']
802,Marshadow,,[],[],[],[],[],[],[],[],[],[],"['Sun', 'Moon']",[],[],"['Sword', 'Shield']",[],[],[],['Legends ZA']
803,Poipole,,[],[],[],[],[],[],[],[],[],[],[],[],[],"['Sword', 'Shield']",[],[],[],[]
804,Naganadel,,[],[],[],[],[],[],[],[],[],[],[],[],[],"['Sword', 'Shield']",[],[],[],[]
805,Stakataka,,[],[],[],[],[],[],[],[],[],[],[],['Ultra Moon'],[],"['Sword', 'Shield']",[],[],[],[]
806,Blacephalon,,[],[],[],[],[],[],[],[],[],[],[],['Ultra Sun'],[],"['Sword', 'Shield']",[],[],[],[]
807,Zeraora,,[],[],[],[],[],[],[],[],[],[],[],[],[],"['Sword', 'Shield']",[],[],[],['Legends ZA']
808,Meltan,,[],[],[],[],[],[],[],[],[],[],[],[],"['Lets Go Pikachu', 'Lets Go Eevee']","['Sword', 'Shield']",[],[],[],['Legends ZA']
809,Melmetal,,[],[],[],[],[],[],[],[],[],[],[],[],"['Lets Go Pikachu', 'Lets Go Eevee']","['Sword', 'Shield']",[],[],[],['Legends ZA']
810,Grookey,,[],[],[],[],[],[],[],[],[],[],[],[],[],"['Sword', 'Shield']",[],[],"['Scarlet', 'Violet']",[]
811,Thwackey,,[],[],[],[],[],[],[],[],[],[],[],[],[],"['Sword', 'Shield']",[],[],"['Scarlet', 'Violet']",[]
812,Rillaboom,,[],[],[],[],[],[],[],[],[],[],[],[],[],"['Sword', 'Shield']",[],[],"['Scarlet', 'Violet']",[]
813,Scorbunny,,[],[],[],[],[],[],[],[],[],[],[],[],[],"['Sword', 'Shield']",[],[],"['Scarlet', 'Violet']",[]
814,Raboot,,[],[],[],[],[],[],[],[],[],[],[],[],[],"['Sword', 'Shield']",[],[],"['Scarlet', 'Violet']",[]
815,Cinderace,,[],[],[],[],[],[],[],[],[],[],[],[],[],"['Sword', 'Shield']",[],[],"['Scarlet', 'Violet']",[]
816,Sobble,,[],[],[],[],[],[],[],[],[],[],[],[],[],"['Sword', 'Shield']",[],[],"['Scarlet', 'Violet']",[]
817,Drizzile,,[],[],[],[],[],[],[],[],[],[],[],[],[],"['Sword', 'Shield']",[],[],"['Scarlet', 'Violet']",[]
818,Inteleon,,[],[],[],[],[],[],[],[],[],[],[],[],[],"['Sword', 'Shield']",[],[],"['Scarlet', 'Violet']",[]
819,Skwovet,,[],[],[],[],[],[],[],[],[],[],[],[],[],"['Sword', 'Shield']",[],[],"['Scarlet', 'Violet']",[]
820,Greedent,,[],[],[],[],[],[],[],[],[],[],[],[],[],"['Sword', 'Shield']",[],[],"['Scarlet', 'Violet']",[]
821,Rookidee,,[],[],[],[],[],[],[],[],[],[],[],[],[],"['Sword', 'Shield']",[],[],"['Scarlet', 'Violet']",['Legends ZA']
822,Corvisquire,,[],[],[],[],[],[],[],[],[],[],[],[],[],"['Sword', 'Shield']",[],[],"['Scarlet', 'Violet']",['Legends ZA']
823,Corviknight,,[],[],[],[],[],[],[],[],[],[],[],[],[],"['Sword', 'Shield']",[],[],"['Scarlet', 'Violet']",['Legends ZA']
824,Blipbug,,[],[],[],[],[],[],[],[],[],[],[],[],[],"['Sword', 'Shield']",[],[],[],[]
825,Dottler,,[],[],[],[],[],[],[],[],[],[],[],[],[],"['Sword', 'Shield']",[],[],[],[]
826,Orbeetle,,[],[],[],[],[],[],[],[],[],[],[],[],[],"['Sword', 'Shield']",[],[],[],[]
827,Nickit,,[],[],[],[],[],[],[],[],[],[],[],[],[],"['Sword', 'Shield']",[],[],[],['Legends ZA']
828,Thievul,,[],[],[],[],[],[],[],[],[],[],[],[],[],"['Sword', 'Shield']",[],[],[],['Legends ZA']
829,Gossifleur,,[],[],[],[],[],[],[],[],[],[],[],[],[],"['Sword', 'Shield']",[],[],[],[]
830,Eldegoss,,[],[],[],[],[],[],[],[],[],[],[],[],[],"['Sword', 'Shield']",[],[],[],[]
831,Wooloo,,[],[],[],[],[],[],[],[],[],[],[],[],[],"['Sword', 'Shield']",[],[],[],[]
832,Dubwool,,[],[],[],[],[],[],[],[],[],[],[],[],[],"['Sword', 'Shield']",[],[],[],[]
833,Chewtle,,[],[],[],[],[],[],[],[],[],[],[],[],[],"['Sword', 'Shield']",[],[],"['Scarlet', 'Violet']",[]
834,Drednaw,,[],[],[],[],[],[],[],[],[],[],[],[],[],"['Sword', 'Shield']",[],[],"['Scarlet', 'Violet']",[]
835,Yamper,,[],[],[],[],[],[],[],[],[],[],[],[],[],"['Sword', 'Shield']",[],[],[],[]
836,Boltund,,[],[],[],[],[],[],[],[],[],[],[],[],[],"['Sword', 'Shield']",[],[],[],[]
837,Rolycoly,,[],[],[],[],[],[],[],[],[],[],[],[],[],"['Sword', 'Shield']",[],[],"['Scarlet', 'Violet']",[]
838,Carkol,,[],[],[],[],[],[],[],[],[],[],[],[],[],"['Sword', 'Shield']",[],[],"['Scarlet', 'Violet']",[]
839,Coalossal,,[],[],[],[],[],[],[],[],[],[],[],[],[],"['Sword', 'Shield']",[],[],"['Scarlet', 'Violet']",[]
840,Applin,,[],[],[],[],[],[],[],[],[],[],[],[],[],"['Sword', 'Shield']",[],[],"['Scarlet', 'Violet']",[]
841,Flapple,,[],[],[],[],[],[],[],[],[],[],[],[],[],['Sword'],[],[],"['Scarlet', 'Violet']",[]
842,Appletun,,[],[],[],[],[],[],[],[],[],[],[],[],[],"['Sword', 'Shield']",[],[],"['Scarlet', 'Violet']",[]
843,Silicobra,,[],[],[],[],[],[],[],[],[],[],[],[],[],"['Sword', 'Shield']",[],[],"['Scarlet', 'Violet']",[]
844,Sandaconda,,[],[],[],[],[],[],[],[],[],[],[],[],[],"['Sword', 'Shield']",[],[],"['Scarlet', 'Violet']",[]
845,Cramorant,,[],[],[],[],[],[],[],[],[],[],[],[],[],"['Sword', 'Shield']",[],[],['Scarlet'],[]
846,Arrokuda,,[],[],[],[],[],[],[],[],[],[],[],[],[],"['Sword', 'Shield']",[],[],"['Scarlet', 'Violet']",[]
847,Barraskewda,,[],[],[],[],[],[],[],[],[],[],[],[],[],"['Sword', 'Shield']",[],[],"['Scarlet', 'Violet']",[]
848,Toxel,,[],[],[],[],[],[],[],[],[],[],[],[],[],"['Sword', 'Shield']",[],[],"['Scarlet', 'Violet']",['Legends ZA']
849,Toxtricity,,[],[],[],[],[],[],[],[],[],[],[],[],[],"['Sword', 'Shield']",[],[],[],[]
849,Toxtricity,Amped Form,[],[],[],[],[],[],[],[],[],[],[],[],[],[],[],[],"['Scarlet', 'Violet']",['Legends ZA']
849,Toxtricity,Low Key Form,[],[],[],[],[],[],[],[],[],[],[],[],[],[],[],[],"['Scarlet', 'Violet']",['Legends ZA']
850,Sizzlipede,,[],[],[],[],[],[],[],[],[],[],[],[],[],"['Sword', 'Shield']",[],[],[],[]
851,Centiskorch,,[],[],[],[],[],[],[],[],[],[],[],[],[],"['Sword', 'Shield']",[],[],[],[]
852,Clobbopus,,[],[],[],[],[],[],[],[],[],[],[],[],[],"['Sword', 'Shield']",[],[],[],['Legends ZA']
853,Grapploct,,[],[],[],[],[],[],[],[],[],[],[],[],[],"['Sword', 'Shield']",[],[],[],['Legends ZA']
854,Sinistea,,[],[],[],[],[],[],[],[],[],[],[],[],[],"['Sword', 'Shield']",[],[],"['Scarlet', 'Violet']",[]
855,Polteageist,,[],[],[],[],[],[],[],[],[],[],[],[],[],"['Sword', 'Shield']",[],[],"['Scarlet', 'Violet']",[]
856,Hatenna,,[],[],[],[],[],[],[],[],[],[],[],[],[],"['Sword', 'Shield']",[],[],"['Scarlet', 'Violet']",[]
857,Hattrem,,[],[],[],[],[],[],[],[],[],[],[],[],[],"['Sword', 'Shield']",[],[],"['Scarlet', 'Violet']",[]
858,Hatterene,,[],[],[],[],[],[],[],[],[],[],[],[],[],"['Sword', 'Shield']",[],[],"['Scarlet', 'Violet']",[]
859,Impidimp,,[],[],[],[],[],[],[],[],[],[],[],[],[],"['Sword', 'Shield']",[],[],"['Scarlet', 'Violet']",[]
860,Morgrem,,[],[],[],[],[],[],[],[],[],[],[],[],[],"['Sword', 'Shield']",[],[],"['Scarlet', 'Violet']",[]
861,Grimmsnarl,,[],[],[],[],[],[],[],[],[],[],[],[],[],"['Sword', 'Shield']",[],[],"['Scarlet', 'Violet']",[]
862,Obstagoon,,[],[],[],[],[],[],[],[],[],[],[],[],[],"['Sword', 'Shield']",[],[],[],[]
863,Perrserker,,[],[],[],[],[],[],[],[],[],[],[],[],[],"['Sword', 'Shield']",[],[],"['Scarlet', 'Violet']",['Legends ZA']
864,Cursola,,[],[],[],[],[],[],[],[],[],[],[],[],[],"['Sword', 'Shield']",[],[],[],[]
865,Sirfetch'd,,[],[],[],[],[],[],[],[],[],[],[],[],[],['Sword'],[],[],[],['Legends ZA']
866,Mr. Rime,,[],[],[],[],[],[],[],[],[],[],[],[],[],[],[],[],[],['Legends ZA']
867,Runerigus,,[],[],[],[],[],[],[],[],[],[],[],[],[],"['Sword', 'Shield']",[],[],[],['Legends ZA']
868,Milcery,,[],[],[],[],[],[],[],[],[],[],[],[],[],"['Sword', 'Shield']",[],[],"['Scarlet', 'Violet']",[]
869,Alcremie,,[],[],[],[],[],[],[],[],[],[],[],[],[],"['Sword', 'Shield']",[],[],"['Scarlet', 'Violet']",[]
870,Falinks,,[],[],[],[],[],[],[],[],[],[],[],[],[],"['Sword', 'Shield']",[],[],"['Scarlet', 'Violet']",['Legends ZA']
871,Pincurchin,,[],[],[],[],[],[],[],[],[],[],[],[],[],"['Sword', 'Shield']",[],[],"['Scarlet', 'Violet']",[]
872,Snom,,[],[],[],[],[],[],[],[],[],[],[],[],[],"['Sword', 'Shield']",[],[],"['Scarlet', 'Violet']",[]
873,Frosmoth,,[],[],[],[],[],[],[],[],[],[],[],[],[],"['Sword', 'Shield']",[],[],"['Scarlet', 'Violet']",[]
874,Stonjourner,,[],[],[],[],[],[],[],[],[],[],[],[],[],['Sword'],[],[],['Scarlet'],[]
875,Eiscue,,[],[],[],[],[],[],[],[],[],[],[],[],[],"['Sword', 'Shield']",[],[],['Violet'],[]
876,Indeedee,,[],[],[],[],[],[],[],[],[],[],[],[],[],"['Sword', 'Shield']",[],[],"['Scarlet', 'Violet']",['Legends ZA']
876,Indeedee,Male,[],[],[],[],[],[],[],[],[],[],[],[],[],[],[],[],"['Scarlet', 'Violet']",[]
877,Morpeko,,[],[],[],[],[],[],[],[],[],[],[],[],[],"['Sword', 'Shield']",[],[],['Violet'],['Legends ZA']
878,Cufant,,[],[],[],[],[],[],[],[],[],[],[],[],[],"['Sword', 'Shield']",[],[],"['Scarlet', 'Violet']",[]
879,Copperajah,,[],[],[],[],[],[],[],[],[],[],[],[],[],"['Sword', 'Shield']",[],[],"['Scarlet', 'Violet']",[]
880,Dracozolt,,[],[],[],[],[],[],[],[],[],[],[],[],[],"['Sword', 'Shield']",[],[],[],[]
881,Arctozolt,,[],[],[],[],[],[],[],[],[],[],[],[],[],"['Sword', 'Shield']",[],[],[],[]
882,Dracovish,,[],[],[],[],[],[],[],[],[],[],[],[],[],"['Sword', 'Shield']",[],[],[],[]
883,Arctovish,,[],[],[],[],[],[],[],[],[],[],[],[],[],"['Sword', 'Shield']",[],[],[],[]
884,Duraludon,,[],[],[],[],[],[],[],[],[],[],[],[],[],"['Sword', 'Shield']",[],[],"['Scarlet', 'Violet']",[]
885,Dreepy,,[],[],[],[],[],[],[],[],[],[],[],[],[],"['Sword', 'Shield']",[],[],['Violet'],[]
886,Drakloak,,[],[],[],[],[],[],[],[],[],[],[],[],[],"['Sword', 'Shield']",[],[],['Violet'],[]
886,Mr. Rime,,[],[],[],[],[],[],[],[],[],[],[],[],[],"['Sword', 'Shield']",[],[],['Violet'],[]
887,Dragapult,,[],[],[],[],[],[],[],[],[],[],[],[],[],"['Sword', 'Shield']",[],[],['Violet'],[]
888,Zacian,,[],[],[],[],[],[],[],[],[],[],[],[],[],['Sword'],[],[],"['Scarlet', 'Violet']",[]
889,Zamazenta,,[],[],[],[],[],[],[],[],[],[],[],[],[],"['Sword', 'Shield']",[],[],"['Scarlet', 'Violet']",[]
890,Eternatus,,[],[],[],[],[],[],[],[],[],[],[],[],[],"['Sword', 'Shield']",[],[],"['Scarlet', 'Violet']",[]
891,Kubfu,,[],[],[],[],[],[],[],[],[],[],[],[],[],"['Sword', 'Shield']",[],[],"['Scarlet', 'Violet']",[]
892,Urshifu,Rapid-Strike Style,[],[],[],[],[],[],[],[],[],[],[],[],[],"['Sword', 'Shield']",[],[],"['Scarlet', 'Violet']",[]
892,Urshifu,Single-Strike Style,[],[],[],[],[],[],[],[],[],[],[],[],[],"['Sword', 'Shield']",[],[],"['Scarlet', 'Violet']",[]
893,Zarude,,[],[],[],[],[],[],[],[],[],[],[],[],[],"['Sword', 'Shield']",[],[],"['Scarlet', 'Violet']",[]
894,Regieleki,,[],[],[],[],[],[],[],[],[],[],[],[],[],"['Sword', 'Shield']",[],[],"['Scarlet', 'Violet']",[]
895,Regidrago,,[],[],[],[],[],[],[],[],[],[],[],[],[],"['Sword', 'Shield']",[],[],"['Scarlet', 'Violet']",[]
896,Glastrier,,[],[],[],[],[],[],[],[],[],[],[],[],[],"['Sword', 'Shield']",[],[],['Scarlet'],[]
897,Spectrier,,[],[],[],[],[],[],[],[],[],[],[],[],[],"['Sword', 'Shield']",[],[],['Violet'],[]
898,Calyrex,,[],[],[],[],[],[],[],[],[],[],[],[],[],"['Sword', 'Shield']",[],[],"['Scarlet', 'Violet']",[]
898,Calyrex,Ice Rider,[],[],[],[],[],[],[],[],[],[],[],[],[],"['Sword', 'Shield']",[],[],"['Scarlet', 'Violet']",[]
898,Calyrex,Shadow Rider,[],[],[],[],[],[],[],[],[],[],[],[],[],"['Sword', 'Shield']",[],[],"['Scarlet', 'Violet']",[]
899,Wyrdeer,,[],[],[],[],[],[],[],[],[],[],[],[],[],[],[],['Legends Arceus'],"['Scarlet', 'Violet']",[]
900,Kleavor,,[],[],[],[],[],[],[],[],[],[],[],[],[],[],[],['Legends Arceus'],"['Scarlet', 'Violet']",['Legends ZA']
901,Bloodmoon Ursaluna,,[],[],[],[],[],[],[],[],[],[],[],[],[],[],[],[],"['Scarlet', 'Violet']",[]
901,Ursaluna,,[],[],[],[],[],[],[],[],[],[],[],[],[],[],[],['Legends Arceus'],"['Scarlet', 'Violet']",[]
902,Basculegion,,[],[],[],[],[],[],[],[],[],[],[],[],[],[],[],['Legends Arceus'],"['Scarlet', 'Violet']",[]
902,Basculegion,Female,[],[],[],[],[],[],[],[],[],[],[],[],[],[],[],['Legends Arceus'],[],[]
902,Basculegion,Male,[],[],[],[],[],[],[],[],[],[],[],[],[],[],[],[],"['Scarlet', 'Violet']",[]
903,Sneasler,,[],[],[],[],[],[],[],[],[],[],[],[],[],[],[],['Legends Arceus'],"['Scarlet', 'Violet']",[]
904,Overqwil,,[],[],[],[],[],[],[],[],[],[],[],[],[],[],[],['Legends Arceus'],"['Scarlet', 'Violet']",['Legends ZA']
905,Enamorus,,[],[],[],[],[],[],[],[],[],[],[],[],[],[],[],['Legends Arceus'],"['Scarlet', 'Violet']",[]
905,Enamorus,Therian Forme,[],[],[],[],[],[],[],[],[],[],[],[],[],[],[],['Legends Arceus'],"['Scarlet', 'Violet']",[]
906,Sprigatito,,[],[],[],[],[],[],[],[],[],[],[],[],[],[],[],[],"['Scarlet', 'Violet']",[]
907,Floragato,,[],[],[],[],[],[],[],[],[],[],[],[],[],[],[],[],"['Scarlet', 'Violet']",[]
908,Meowscarada,,[],[],[],[],[],[],[],[],[],[],[],[],[],[],[],[],"['Scarlet', 'Violet']",[]
909,Fuecoco,,[],[],[],[],[],[],[],[],[],[],[],[],[],[],[],[],"['Scarlet', 'Violet']",[]
910,Crocalor,,[],[],[],[],[],[],[],[],[],[],[],[],[],[],[],[],"['Scarlet', 'Violet']",[]
911,Skeledirge,,[],[],[],[],[],[],[],[],[],[],[],[],[],[],[],[],"['Scarlet', 'Violet']",[]
912,Quaxly,,[],[],[],[],[],[],[],[],[],[],[],[],[],[],[],[],"['Scarlet', 'Violet']",[]
913,Quaxwell,,[],[],[],[],[],[],[],[],[],[],[],[],[],[],[],[],"['Scarlet', 'Violet']",[]
914,Quaquaval,,[],[],[],[],[],[],[],[],[],[],[],[],[],[],[],[],"['Scarlet', 'Violet']",[]
915,Lechonk,,[],[],[],[],[],[],[],[],[],[],[],[],[],[],[],[],"['Scarlet', 'Violet']",[]
916,Oinkologne,,[],[],[],[],[],[],[],[],[],[],[],[],[],[],[],[],"['Scarlet', 'Violet']",[]
916,Oinkologne,Male,[],[],[],[],[],[],[],[],[],[],[],[],[],[],[],[],"['Scarlet', 'Violet']",[]
917,Tarountula,,[],[],[],[],[],[],[],[],[],[],[],[],[],[],[],[],"['Scarlet', 'Violet']",[]
918,Spidops,,[],[],[],[],[],[],[],[],[],[],[],[],[],[],[],[],"['Scarlet', 'Violet']",[]
919,Nymble,,[],[],[],[],[],[],[],[],[],[],[],[],[],[],[],[],"['Scarlet', 'Violet']",[]
920,Lokix,,[],[],[],[],[],[],[],[],[],[],[],[],[],[],[],[],"['Scarlet', 'Violet']",[]
921,Pawmi,,[],[],[],[],[],[],[],[],[],[],[],[],[],[],[],[],"['Scarlet', 'Violet']",[]
922,Pawmo,,[],[],[],[],[],[],[],[],[],[],[],[],[],[],[],[],"['Scarlet', 'Violet']",[]
923,Pawmot,,[],[],[],[],[],[],[],[],[],[],[],[],[],[],[],[],"['Scarlet', 'Violet']",[]
924,Tandemaus,,[],[],[],[],[],[],[],[],[],[],[],[],[],[],[],[],"['Scarlet', 'Violet']",[]
925,Maushold,,[],[],[],[],[],[],[],[],[],[],[],[],[],[],[],[],"['Scarlet', 'Violet']",[]
926,Fidough,,[],[],[],[],[],[],[],[],[],[],[],[],[],[],[],[],"['Scarlet', 'Violet']",['Legends ZA']
927,Dachsbun,,[],[],[],[],[],[],[],[],[],[],[],[],[],[],[],[],"['Scarlet', 'Violet']",['Legends ZA']
928,Smoliv,,[],[],[],[],[],[],[],[],[],[],[],[],[],[],[],[],"['Scarlet', 'Violet']",[]
929,Dolliv,,[],[],[],[],[],[],[],[],[],[],[],[],[],[],[],[],"['Scarlet', 'Violet']",[]
930,Arboliva,,[],[],[],[],[],[],[],[],[],[],[],[],[],[],[],[],"['Scarlet', 'Violet']",[]
931,Squawkabilly,,[],[],[],[],[],[],[],[],[],[],[],[],[],[],[],[],"['Scarlet', 'Violet']",['Legends ZA']
932,Nacli,,[],[],[],[],[],[],[],[],[],[],[],[],[],[],[],[],"['Scarlet', 'Violet']",['Legends ZA']
933,Naclstack,,[],[],[],[],[],[],[],[],[],[],[],[],[],[],[],[],"['Scarlet', 'Violet']",['Legends ZA']
934,Garganacl,,[],[],[],[],[],[],[],[],[],[],[],[],[],[],[],[],"['Scarlet', 'Violet']",['Legends ZA']
935,Charcadet,,[],[],[],[],[],[],[],[],[],[],[],[],[],[],[],[],"['Scarlet', 'Violet']",['Legends ZA']
936,Armarouge,,[],[],[],[],[],[],[],[],[],[],[],[],[],[],[],[],['Scarlet'],['Legends ZA']
937,Ceruledge,,[],[],[],[],[],[],[],[],[],[],[],[],[],[],[],[],['Violet'],['Legends ZA']
938,Tadbulb,,[],[],[],[],[],[],[],[],[],[],[],[],[],[],[],[],"['Scarlet', 'Violet']",[]
939,Bellibolt,,[],[],[],[],[],[],[],[],[],[],[],[],[],[],[],[],"['Scarlet', 'Violet']",[]
940,Wattrel,,[],[],[],[],[],[],[],[],[],[],[],[],[],[],[],[],"['Scarlet', 'Violet']",[]
941,Kilowattrel,,[],[],[],[],[],[],[],[],[],[],[],[],[],[],[],[],"['Scarlet', 'Violet']",[]
942,Maschiff,,[],[],[],[],[],[],[],[],[],[],[],[],[],[],[],[],"['Scarlet', 'Violet']",['Legends ZA']
943,Mabosstiff,,[],[],[],[],[],[],[],[],[],[],[],[],[],[],[],[],"['Scarlet', 'Violet']",['Legends ZA']
944,Shroodle,,[],[],[],[],[],[],[],[],[],[],[],[],[],[],[],[],"['Scarlet', 'Violet']",['Legends ZA']
945,Grafaiai,,[],[],[],[],[],[],[],[],[],[],[],[],[],[],[],[],"['Scarlet', 'Violet']",['Legends ZA']
946,Bramblin,,[],[],[],[],[],[],[],[],[],[],[],[],[],[],[],[],"['Scarlet', 'Violet']",[]
947,Brambleghast,,[],[],[],[],[],[],[],[],[],[],[],[],[],[],[],[],"['Scarlet', 'Violet']",[]
948,Toedscool,,[],[],[],[],[],[],[],[],[],[],[],[],[],[],[],[],"['Scarlet', 'Violet']",[]
949,Toedscruel,,[],[],[],[],[],[],[],[],[],[],[],[],[],[],[],[],"['Scarlet', 'Violet']",[]
950,Klawf,,[],[],[],[],[],[],[],[],[],[],[],[],[],[],[],[],"['Scarlet', 'Violet']",[]
951,Capsakid,,[],[],[],[],[],[],[],[],[],[],[],[],[],[],[],[],"['Scarlet', 'Violet']",['Legends ZA']
952,Scovillain,,[],[],[],[],[],[],[],[],[],[],[],[],[],[],[],[],"['Scarlet', 'Violet']",['Legends ZA']
953,Rellor,,[],[],[],[],[],[],[],[],[],[],[],[],[],[],[],[],"['Scarlet', 'Violet']",[]
954,Rabsca,,[],[],[],[],[],[],[],[],[],[],[],[],[],[],[],[],"['Scarlet', 'Violet']",[]
955,Flittle,,[],[],[],[],[],[],[],[],[],[],[],[],[],[],[],[],"['Scarlet', 'Violet']",[]
956,Espathra,,[],[],[],[],[],[],[],[],[],[],[],[],[],[],[],[],"['Scarlet', 'Violet']",[]
957,Tinkatink,,[],[],[],[],[],[],[],[],[],[],[],[],[],[],[],[],"['Scarlet', 'Violet']",['Legends ZA']
958,Tinkatuff,,[],[],[],[],[],[],[],[],[],[],[],[],[],[],[],[],"['Scarlet', 'Violet']",['Legends ZA']
959,Tinkaton,,[],[],[],[],[],[],[],[],[],[],[],[],[],[],[],[],"['Scarlet', 'Violet']",['Legends ZA']
960,Wiglett,,[],[],[],[],[],[],[],[],[],[],[],[],[],[],[],[],"['Scarlet', 'Violet']",[]
961,Wugtrio,,[],[],[],[],[],[],[],[],[],[],[],[],[],[],[],[],"['Scarlet', 'Violet']",[]
962,Bombirdier,,[],[],[],[],[],[],[],[],[],[],[],[],[],[],[],[],"['Scarlet', 'Violet']",[]
963,Finizen,,[],[],[],[],[],[],[],[],[],[],[],[],[],[],[],[],"['Scarlet', 'Violet']",[]
964,Palafin,,[],[],[],[],[],[],[],[],[],[],[],[],[],[],[],[],"['Scarlet', 'Violet']",[]
965,Varoom,,[],[],[],[],[],[],[],[],[],[],[],[],[],[],[],[],"['Scarlet', 'Violet']",[]
966,Revavroom,,[],[],[],[],[],[],[],[],[],[],[],[],[],[],[],[],"['Scarlet', 'Violet']",[]
967,Cyclizar,,[],[],[],[],[],[],[],[],[],[],[],[],[],[],[],[],"['Scarlet', 'Violet']",['Legends ZA']
968,Orthworm,,[],[],[],[],[],[],[],[],[],[],[],[],[],[],[],[],"['Scarlet', 'Violet']",[]
969,Glimmet,,[],[],[],[],[],[],[],[],[],[],[],[],[],[],[],[],"['Scarlet', 'Violet']",['Legends ZA']
970,Glimmora,,[],[],[],[],[],[],[],[],[],[],[],[],[],[],[],[],"['Scarlet', 'Violet']",['Legends ZA']
971,Greavard,,[],[],[],[],[],[],[],[],[],[],[],[],[],[],[],[],"['Scarlet', 'Violet']",['Legends ZA']
972,Houndstone,,[],[],[],[],[],[],[],[],[],[],[],[],[],[],[],[],"['Scarlet', 'Violet']",['Legends ZA']
973,Flamigo,,[],[],[],[],[],[],[],[],[],[],[],[],[],[],[],[],"['Scarlet', 'Violet']",['Legends ZA']
974,Cetoddle,,[],[],[],[],[],[],[],[],[],[],[],[],[],[],[],[],"['Scarlet', 'Violet']",[]
975,Cetitan,,[],[],[],[],[],[],[],[],[],[],[],[],[],[],[],[],"['Scarlet', 'Violet']",[]
976,Veluza,,[],[],[],[],[],[],[],[],[],[],[],[],[],[],[],[],"['Scarlet', 'Violet']",[]
977,Dondozo,,[],[],[],[],[],[],[],[],[],[],[],[],[],[],[],[],"['Scarlet', 'Violet']",['Legends ZA']
978,Tatsugiri,,[],[],[],[],[],[],[],[],[],[],[],[],[],[],[],[],"['Scarlet', 'Violet']",[]
978,Tatsugiri,Curly Form,[],[],[],[],[],[],[],[],[],[],[],[],[],[],[],[],[],['Legends ZA']
978,Tatsugiri,Droopy Form,[],[],[],[],[],[],[],[],[],[],[],[],[],[],[],[],[],['Legends ZA']
978,Tatsugiri,Stretchy Form,[],[],[],[],[],[],[],[],[],[],[],[],[],[],[],[],[],['Legends ZA']
979,Annihilape,,[],[],[],[],[],[],[],[],[],[],[],[],[],[],[],[],"['Scarlet', 'Violet']",['Legends ZA']
980,Clodsire,,[],[],[],[],[],[],[],[],[],[],[],[],[],[],[],[],"['Scarlet', 'Violet']",[]
981,Farigiraf,,[],[],[],[],[],[],[],[],[],[],[],[],[],[],[],[],"['Scarlet', 'Violet']",[]
982,Dudunsparce,,[],[],[],[],[],[],[],[],[],[],[],[],[],[],[],[],"['Scarlet', 'Violet']",[]
983,Kingambit,,[],[],[],[],[],[],[],[],[],[],[],[],[],[],[],[],"['Scarlet', 'Violet']",[]
984,Great Tusk,,[],[],[],[],[],[],[],[],[],[],[],[],[],[],[],[],['Scarlet'],[]
985,Scream Tail,,[],[],[],[],[],[],[],[],[],[],[],[],[],[],[],[],['Scarlet'],[]
986,Brute Bonnet,,[],[],[],[],[],[],[],[],[],[],[],[],[],[],[],[],['Scarlet'],[]
987,Flutter Mane,,[],[],[],[],[],[],[],[],[],[],[],[],[],[],[],[],['Scarlet'],[]
988,Slither Wing,,[],[],[],[],[],[],[],[],[],[],[],[],[],[],[],[],['Scarlet'],[]
989,Sandy Shocks,,[],[],[],[],[],[],[],[],[],[],[],[],[],[],[],[],['Scarlet'],[]
990,Iron Treads,,[],[],[],[],[],[],[],[],[],[],[],[],[],[],[],[],['Violet'],[]
991,Iron Bundle,,[],[],[],[],[],[],[],[],[],[],[],[],[],[],[],[],['Violet'],[]
992,Iron Hands,,[],[],[],[],[],[],[],[],[],[],[],[],[],[],[],[],['Violet'],[]
993,Iron Jugulis,,[],[],[],[],[],[],[],[],[],[],[],[],[],[],[],[],['Violet'],[]
994,Iron Moth,,[],[],[],[],[],[],[],[],[],[],[],[],[],[],[],[],['Violet'],[]
995,Iron Thorns,,[],[],[],[],[],[],[],[],[],[],[],[],[],[],[],[],['Violet'],[]
996,Frigibax,,[],[],[],[],[],[],[],[],[],[],[],[],[],[],[],[],"['Scarlet', 'Violet']",['Legends ZA']
997,Arctibax,,[],[],[],[],[],[],[],[],[],[],[],[],[],[],[],[],"['Scarlet', 'Violet']",['Legends ZA']
998,Baxcalibur,,[],[],[],[],[],[],[],[],[],[],[],[],[],[],[],[],"['Scarlet', 'Violet']",['Legends ZA']
999,Gimmighoul,,[],[],[],[],[],[],[],[],[],[],[],[],[],[],[],[],[],['Legends ZA']
999,Gimmighoul,Chest Form,[],[],[],[],[],[],[],[],[],[],[],[],[],[],[],[],"['Scarlet', 'Violet']",[]
1000,Gholdengo,,[],[],[],[],[],[],[],[],[],[],[],[],[],[],[],[],"['Scarlet', 'Violet']",['Legends ZA']
1001,Wo-Chien,,[],[],[],[],[],[],[],[],[],[],[],[],[],[],[],[],"['Scarlet', 'Violet']",[]
1002,Chien-Pao,,[],[],[],[],[],[],[],[],[],[],[],[],[],[],[],[],"['Scarlet', 'Violet']",[]
1003,Ting-Lu,,[],[],[],[],[],[],[],[],[],[],[],[],[],[],[],[],"['Scarlet', 'Violet']",[]
1004,Chi-Yu,,[],[],[],[],[],[],[],[],[],[],[],[],[],[],[],[],"['Scarlet', 'Violet']",[]
1005,Roaring Moon,,[],[],[],[],[],[],[],[],[],[],[],[],[],[],[],[],['Scarlet'],[]
1006,Iron Valiant,,[],[],[],[],[],[],[],[],[],[],[],[],[],[],[],[],['Violet'],[]
1007,Koraidon,,[],[],[],[],[],[],[],[],[],[],[],[],[],[],[],[],['Scarlet'],[]
1008,Miraidon,,[],[],[],[],[],[],[],[],[],[],[],[],[],[],[],[],['Violet'],[]
1009,Walking Wake,,[],[],[],[],[],[],[],[],[],[],[],[],[],[],[],[],['Scarlet'],[]
1010,Iron Leaves,,[],[],[],[],[],[],[],[],[],[],[],[],[],[],[],[],['Violet'],[]
1011,Dipplin,,[],[],[],[],[],[],[],[],[],[],[],[],[],[],[],[],"['Scarlet', 'Violet']",[]
1012,Poltchageist,,[],[],[],[],[],[],[],[],[],[],[],[],[],[],[],[],"['Scarlet', 'Violet']",[]
1013,Sinistcha,,[],[],[],[],[],[],[],[],[],[],[],[],[],[],[],[],"['Scarlet', 'Violet']",[]
1014,Okidogi,,[],[],[],[],[],[],[],[],[],[],[],[],[],[],[],[],"['Scarlet', 'Violet']",[]
1015,Munkidori,,[],[],[],[],[],[],[],[],[],[],[],[],[],[],[],[],"['Scarlet', 'Violet']",[]
1016,Fezandipiti,,[],[],[],[],[],[],[],[],[],[],[],[],[],[],[],[],"['Scarlet', 'Violet']",[]
1017,Ogerpon,,[],[],[],[],[],[],[],[],[],[],[],[],[],[],[],[],"['Scarlet', 'Violet']",[]
1018,Archaludon,,[],[],[],[],[],[],[],[],[],[],[],[],[],[],[],[],"['Scarlet', 'Violet']",[]
1019,Hydrapple,,[],[],[],[],[],[],[],[],[],[],[],[],[],[],[],[],"['Scarlet', 'Violet']",[]
1020,Gouging Fire,,[],[],[],[],[],[],[],[],[],[],[],[],[],[],[],[],['Scarlet'],[]
1021,Raging Bolt,,[],[],[],[],[],[],[],[],[],[],[],[],[],[],[],[],['Scarlet'],[]
1022,Iron Boulder,,[],[],[],[],[],[],[],[],[],[],[],[],[],[],[],[],['Violet'],[]
1023,Iron Crown,,[],[],[],[],[],[],[],[],[],[],[],[],[],[],[],[],['Violet'],[]
1024,Terapagos,,[],[],[],[],[],[],[],[],[],[],[],[],[],[],[],[],"['Scarlet', 'Violet']",[]
1025,Pecharunt,,[],[],[],[],[],[],[],[],[],[],[],[],[],[],[],[],"['Scarlet', 'Violet']",[]
